[{"objectId":120853,"id":"PC1000","name":"Project Commencement","wbsObjectId":27935,"wbsId":"WBS.8","wbsName":null,"projectObjectId":null,"projectType":null,"startDate":"2021-01-27T08:00:00","finishDate":"2021-01-27T08:00:00","actualStartDate":null,"actualFinishDate":null,"actualDuration":null,"isCritical":true,"plannedValueCost":0.0,"actualCost":0.0,"percentComplete":0.0,"percentCompleteType":"PHYSICAL","status":null,"type":"START_MILESTONE"},{"objectId":121325,"id":"PC1060","name":"Control Documents","wbsObjectId":27935,"wbsId":"WBS.8","wbsName":null,"projectObjectId":null,"projectType":null,"startDate":"2021-02-19T17:00:00","finishDate":"2021-02-19T17:00:00","actualStartDate":null,"actualFinishDate":null,"actualDuration":null,"isCritical":false,"plannedValueCost":0.0,"actualCost":0.0,"percentComplete":0.0,"percentCompleteType":"PHYSICAL","status":null,"type":"FINISH_MILESTONE"},{"objectId":121326,"id":"PC1070","name":"Prototype Engineering & Documentation","wbsObjectId":27935,"wbsId":"WBS.8","wbsName":null,"projectObjectId":null,"projectType":null,"startDate":"2021-06-08T17:00:00","finishDate":"2021-06-08T17:00:00","actualStartDate":null,"actualFinishDate":null,"actualDuration":null,"isCritical":false,"plannedValueCost":0.0,"actualCost":0.0,"percentComplete":0.0,"percentCompleteType":"PHYSICAL","status":null,"type":"FINISH_MILESTONE"},{"objectId":121327,"id":"PC1080","name":"Prototype Procurement","wbsObjectId":27935,"wbsId":"WBS.8","wbsName":null,"projectObjectId":null,"projectType":null,"startDate":"2021-10-19T17:00:00","finishDate":"2021-10-19T17:00:00","actualStartDate":null,"actualFinishDate":null,"actualDuration":null,"isCritical":false,"plannedValueCost":0.0,"actualCost":0.0,"percentComplete":0.0,"percentCompleteType":"PHYSICAL","status":null,"type":"FINISH_MILESTONE"},{"objectId":121328,"id":"PC1090","name":"Prototype Fabrication","wbsObjectId":27935,"wbsId":"WBS.8","wbsName":null,"projectObjectId":null,"projectType":null,"startDate":"2021-10-22T17:00:00","finishDate":"2021-10-22T17:00:00","actualStartDate":null,"actualFinishDate":null,"actualDuration":null,"isCritical":false,"plannedValueCost":0.0,"actualCost":0.0,"percentComplete":0.0,"percentCompleteType":"PHYSICAL","status":null,"type":"FINISH_MILESTONE"},{"objectId":121329,"id":"PC1100","name":"Prototype Factory Acceptance Test (Client Witness)","wbsObjectId":27935,"wbsId":"WBS.8","wbsName":null,"projectObjectId":null,"projectType":null,"startDate":"2021-11-01T17:00:00","finishDate":"2021-11-01T17:00:00","actualStartDate":null,"actualFinishDate":null,"actualDuration":null,"isCritical":false,"plannedValueCost":0.0,"actualCost":0.0,"percentComplete":0.0,"percentCompleteType":"PHYSICAL","status":null,"type":"FINISH_MILESTONE"},{"objectId":121374,"id":"PC1105","name":"Prototype Shipping & Final Doc","wbsObjectId":27935,"wbsId":"WBS.8","wbsName":null,"projectObjectId":null,"projectType":null,"startDate":"2021-12-13T17:00:00","finishDate":"2021-12-13T17:00:00","actualStartDate":null,"actualFinishDate":null,"actualDuration":null,"isCritical":false,"plannedValueCost":0.0,"actualCost":0.0,"percentComplete":0.0,"percentCompleteType":"PHYSICAL","status":null,"type":"FINISH_MILESTONE"},{"objectId":121330,"id":"PC1110","name":"Batch 1 - Engineering & Documentation","wbsObjectId":27935,"wbsId":"WBS.8","wbsName":null,"projectObjectId":null,"projectType":null,"startDate":"2021-10-20T17:00:00","finishDate":"2021-10-20T17:00:00","actualStartDate":null,"actualFinishDate":null,"actualDuration":null,"isCritical":false,"plannedValueCost":0.0,"actualCost":0.0,"percentComplete":0.0,"percentCompleteType":"PHYSICAL","status":null,"type":"FINISH_MILESTONE"},{"objectId":121331,"id":"PC1120","name":"Batch 1 - Procurement","wbsObjectId":27935,"wbsId":"WBS.8","wbsName":null,"projectObjectId":null,"projectType":null,"startDate":"2021-11-09T17:00:00","finishDate":"2021-11-09T17:00:00","actualStartDate":null,"actualFinishDate":null,"actualDuration":null,"isCritical":false,"plannedValueCost":0.0,"actualCost":0.0,"percentComplete":0.0,"percentCompleteType":"PHYSICAL","status":null,"type":"FINISH_MILESTONE"},{"objectId":121332,"id":"PC1130","name":"Batch 1 - Fabrication","wbsObjectId":27935,"wbsId":"WBS.8","wbsName":null,"projectObjectId":null,"projectType":null,"startDate":"2021-11-22T17:00:00","finishDate":"2021-11-22T17:00:00","actualStartDate":null,"actualFinishDate":null,"actualDuration":null,"isCritical":false,"plannedValueCost":0.0,"actualCost":0.0,"percentComplete":0.0,"percentCompleteType":"PHYSICAL","status":null,"type":"FINISH_MILESTONE"},{"objectId":121342,"id":"PC1140","name":"Batch 1 - Factory Acceptance Test (Client Witness)","wbsObjectId":27935,"wbsId":"WBS.8","wbsName":null,"projectObjectId":null,"projectType":null,"startDate":"2021-11-29T17:00:00","finishDate":"2021-11-29T17:00:00","actualStartDate":null,"actualFinishDate":null,"actualDuration":null,"isCritical":false,"plannedValueCost":0.0,"actualCost":0.0,"percentComplete":0.0,"percentCompleteType":"PHYSICAL","status":null,"type":"FINISH_MILESTONE"},{"objectId":121375,"id":"PC1145","name":"Batch 1 - Shipping & Final Doc","wbsObjectId":27935,"wbsId":"WBS.8","wbsName":null,"projectObjectId":null,"projectType":null,"startDate":"2021-12-13T17:00:00","finishDate":"2021-12-13T17:00:00","actualStartDate":null,"actualFinishDate":null,"actualDuration":null,"isCritical":false,"plannedValueCost":0.0,"actualCost":0.0,"percentComplete":0.0,"percentCompleteType":"PHYSICAL","status":null,"type":"FINISH_MILESTONE"},{"objectId":121343,"id":"PC1150","name":"Batch 2 - Engineering & Documentation","wbsObjectId":27935,"wbsId":"WBS.8","wbsName":null,"projectObjectId":null,"projectType":null,"startDate":"2021-10-25T17:00:00","finishDate":"2021-10-25T17:00:00","actualStartDate":null,"actualFinishDate":null,"actualDuration":null,"isCritical":false,"plannedValueCost":0.0,"actualCost":0.0,"percentComplete":0.0,"percentCompleteType":"PHYSICAL","status":null,"type":"FINISH_MILESTONE"},{"objectId":121344,"id":"PC1160","name":"Batch 2 - Procurement","wbsObjectId":27935,"wbsId":"WBS.8","wbsName":null,"projectObjectId":null,"projectType":null,"startDate":"2022-01-25T17:00:00","finishDate":"2022-01-25T17:00:00","actualStartDate":null,"actualFinishDate":null,"actualDuration":null,"isCritical":false,"plannedValueCost":0.0,"actualCost":0.0,"percentComplete":0.0,"percentCompleteType":"PHYSICAL","status":null,"type":"FINISH_MILESTONE"},{"objectId":121345,"id":"PC1170","name":"Batch 2 - Fabrication","wbsObjectId":27935,"wbsId":"WBS.8","wbsName":null,"projectObjectId":null,"projectType":null,"startDate":"2022-02-01T17:00:00","finishDate":"2022-02-01T17:00:00","actualStartDate":null,"actualFinishDate":null,"actualDuration":null,"isCritical":false,"plannedValueCost":0.0,"actualCost":0.0,"percentComplete":0.0,"percentCompleteType":"PHYSICAL","status":null,"type":"FINISH_MILESTONE"},{"objectId":121346,"id":"PC1180","name":"Batch 2 - Factory Acceptance Test (Client Witness)","wbsObjectId":27935,"wbsId":"WBS.8","wbsName":null,"projectObjectId":null,"projectType":null,"startDate":"2022-01-28T17:00:00","finishDate":"2022-01-28T17:00:00","actualStartDate":null,"actualFinishDate":null,"actualDuration":null,"isCritical":false,"plannedValueCost":0.0,"actualCost":0.0,"percentComplete":0.0,"percentCompleteType":"PHYSICAL","status":null,"type":"FINISH_MILESTONE"},{"objectId":121376,"id":"PC1185","name":"Batch 2 - Shipping & Final Doc","wbsObjectId":27935,"wbsId":"WBS.8","wbsName":null,"projectObjectId":null,"projectType":null,"startDate":"2022-02-15T17:00:00","finishDate":"2022-02-15T17:00:00","actualStartDate":null,"actualFinishDate":null,"actualDuration":null,"isCritical":false,"plannedValueCost":0.0,"actualCost":0.0,"percentComplete":0.0,"percentCompleteType":"PHYSICAL","status":null,"type":"FINISH_MILESTONE"},{"objectId":121347,"id":"PC1190","name":"Batch 3 - Engineering & Documentation","wbsObjectId":27935,"wbsId":"WBS.8","wbsName":null,"projectObjectId":null,"projectType":null,"startDate":"2022-01-28T17:00:00","finishDate":"2022-01-28T17:00:00","actualStartDate":null,"actualFinishDate":null,"actualDuration":null,"isCritical":false,"plannedValueCost":0.0,"actualCost":0.0,"percentComplete":0.0,"percentCompleteType":"PHYSICAL","status":null,"type":"FINISH_MILESTONE"},{"objectId":121348,"id":"PC1200","name":"Batch 3 - Procurement","wbsObjectId":27935,"wbsId":"WBS.8","wbsName":null,"projectObjectId":null,"projectType":null,"startDate":"2021-12-06T17:00:00","finishDate":"2021-12-06T17:00:00","actualStartDate":null,"actualFinishDate":null,"actualDuration":null,"isCritical":false,"plannedValueCost":0.0,"actualCost":0.0,"percentComplete":0.0,"percentCompleteType":"PHYSICAL","status":null,"type":"FINISH_MILESTONE"},{"objectId":121349,"id":"PC1210","name":"Batch 3 - Fabrication","wbsObjectId":27935,"wbsId":"WBS.8","wbsName":null,"projectObjectId":null,"projectType":null,"startDate":"2021-11-25T17:00:00","finishDate":"2021-11-25T17:00:00","actualStartDate":null,"actualFinishDate":null,"actualDuration":null,"isCritical":false,"plannedValueCost":0.0,"actualCost":0.0,"percentComplete":0.0,"percentCompleteType":"PHYSICAL","status":null,"type":"FINISH_MILESTONE"},{"objectId":121350,"id":"PC1220","name":"Batch 3 - Factory Acceptance Test (Client Witness)","wbsObjectId":27935,"wbsId":"WBS.8","wbsName":null,"projectObjectId":null,"projectType":null,"startDate":"2022-02-01T17:00:00","finishDate":"2022-02-01T17:00:00","actualStartDate":null,"actualFinishDate":null,"actualDuration":null,"isCritical":false,"plannedValueCost":0.0,"actualCost":0.0,"percentComplete":0.0,"percentCompleteType":"PHYSICAL","status":null,"type":"FINISH_MILESTONE"},{"objectId":121377,"id":"PC1225","name":"Batch 3 - Shipping & Final Doc","wbsObjectId":27935,"wbsId":"WBS.8","wbsName":null,"projectObjectId":null,"projectType":null,"startDate":"2022-02-15T17:00:00","finishDate":"2022-02-15T17:00:00","actualStartDate":null,"actualFinishDate":null,"actualDuration":null,"isCritical":false,"plannedValueCost":0.0,"actualCost":0.0,"percentComplete":0.0,"percentCompleteType":"PHYSICAL","status":null,"type":"FINISH_MILESTONE"},{"objectId":121351,"id":"PC1230","name":"Batch 4 - Engineering & Documentation","wbsObjectId":27935,"wbsId":"WBS.8","wbsName":null,"projectObjectId":null,"projectType":null,"startDate":"2022-02-14T17:00:00","finishDate":"2022-02-14T17:00:00","actualStartDate":null,"actualFinishDate":null,"actualDuration":null,"isCritical":false,"plannedValueCost":0.0,"actualCost":0.0,"percentComplete":0.0,"percentCompleteType":"PHYSICAL","status":null,"type":"FINISH_MILESTONE"},{"objectId":121352,"id":"PC1240","name":"Batch 4 - Procurement","wbsObjectId":27935,"wbsId":"WBS.8","wbsName":null,"projectObjectId":null,"projectType":null,"startDate":"2022-02-03T17:00:00","finishDate":"2022-02-03T17:00:00","actualStartDate":null,"actualFinishDate":null,"actualDuration":null,"isCritical":false,"plannedValueCost":0.0,"actualCost":0.0,"percentComplete":0.0,"percentCompleteType":"PHYSICAL","status":null,"type":"FINISH_MILESTONE"},{"objectId":121353,"id":"PC1250","name":"Batch 4 - Fabrication","wbsObjectId":27935,"wbsId":"WBS.8","wbsName":null,"projectObjectId":null,"projectType":null,"startDate":"2022-01-20T17:00:00","finishDate":"2022-01-20T17:00:00","actualStartDate":null,"actualFinishDate":null,"actualDuration":null,"isCritical":false,"plannedValueCost":0.0,"actualCost":0.0,"percentComplete":0.0,"percentCompleteType":"PHYSICAL","status":null,"type":"FINISH_MILESTONE"},{"objectId":121354,"id":"PC1260","name":"Batch 4 - Factory Acceptance Test (Client Witness)","wbsObjectId":27935,"wbsId":"WBS.8","wbsName":null,"projectObjectId":null,"projectType":null,"startDate":"2022-04-12T17:00:00","finishDate":"2022-04-12T17:00:00","actualStartDate":null,"actualFinishDate":null,"actualDuration":null,"isCritical":false,"plannedValueCost":0.0,"actualCost":0.0,"percentComplete":0.0,"percentCompleteType":"PHYSICAL","status":null,"type":"FINISH_MILESTONE"},{"objectId":121378,"id":"PC1265","name":"Batch 4 - Shipping & Final Doc","wbsObjectId":27935,"wbsId":"WBS.8","wbsName":null,"projectObjectId":null,"projectType":null,"startDate":"2022-04-26T17:00:00","finishDate":"2022-04-26T17:00:00","actualStartDate":null,"actualFinishDate":null,"actualDuration":null,"isCritical":false,"plannedValueCost":0.0,"actualCost":0.0,"percentComplete":0.0,"percentCompleteType":"PHYSICAL","status":null,"type":"FINISH_MILESTONE"},{"objectId":120866,"id":"PTEDCD1090","name":"MILESTONE 1: REVIEW, REQUISITION, NEXT PHASE","wbsObjectId":27936,"wbsId":"WBS.1.7","wbsName":null,"projectObjectId":null,"projectType":null,"startDate":"2021-02-19T17:00:00","finishDate":"2021-02-19T17:00:00","actualStartDate":null,"actualFinishDate":null,"actualDuration":null,"isCritical":true,"plannedValueCost":0.0,"actualCost":0.0,"percentComplete":0.0,"percentCompleteType":"PHYSICAL","status":null,"type":"FINISH_MILESTONE"},{"objectId":120974,"id":"PTEDCM1000","name":"Hardware Freeze","wbsObjectId":27981,"wbsId":"WBS.2.1.1","wbsName":null,"projectObjectId":null,"projectType":null,"startDate":"2021-02-10T08:00:00","finishDate":"2021-02-10T08:00:00","actualStartDate":null,"actualFinishDate":null,"actualDuration":null,"isCritical":false,"plannedValueCost":0.0,"actualCost":0.0,"percentComplete":0.0,"percentCompleteType":"PHYSICAL","status":null,"type":"START_MILESTONE"},{"objectId":120973,"id":"PTEDCM1070","name":"MILESTONE 2: REVIEW, REQUISITION, NEXT PHASE","wbsObjectId":27981,"wbsId":"WBS.2.1.1","wbsName":null,"projectObjectId":null,"projectType":null,"startDate":"2021-03-29T17:00:00","finishDate":"2021-03-29T17:00:00","actualStartDate":null,"actualFinishDate":null,"actualDuration":null,"isCritical":false,"plannedValueCost":0.0,"actualCost":0.0,"percentComplete":0.0,"percentCompleteType":"PHYSICAL","status":null,"type":"FINISH_MILESTONE"},{"objectId":121003,"id":"PTEDCBCC1090","name":"MILESTONE 3 REVIEW, REQUISITION, NEXT PHASE","wbsObjectId":27984,"wbsId":"WBS.2.1.2","wbsName":null,"projectObjectId":null,"projectType":null,"startDate":"2021-05-05T17:00:00","finishDate":"2021-05-05T17:00:00","actualStartDate":null,"actualFinishDate":null,"actualDuration":null,"isCritical":false,"plannedValueCost":0.0,"actualCost":0.0,"percentComplete":0.0,"percentCompleteType":"PHYSICAL","status":null,"type":"FINISH_MILESTONE"},{"objectId":120995,"id":"PTEDFC1100","name":"MILESTONE 4: REVIEW, REQUISITION, NEXT PHASE","wbsObjectId":27983,"wbsId":"WBS.2.1.3","wbsName":null,"projectObjectId":null,"projectType":null,"startDate":"2021-06-08T17:00:00","finishDate":"2021-06-08T17:00:00","actualStartDate":null,"actualFinishDate":null,"actualDuration":null,"isCritical":false,"plannedValueCost":0.0,"actualCost":0.0,"percentComplete":0.0,"percentCompleteType":"PHYSICAL","status":null,"type":"FINISH_MILESTONE"},{"objectId":120986,"id":"PTEDIF1120","name":"MILESTONE 5: REVIEW, REQUISITION, NEXT PHASE","wbsObjectId":27982,"wbsId":"WBS.2.1.4","wbsName":null,"projectObjectId":null,"projectType":null,"startDate":"2021-06-08T17:00:00","finishDate":"2021-06-08T17:00:00","actualStartDate":null,"actualFinishDate":null,"actualDuration":null,"isCritical":false,"plannedValueCost":0.0,"actualCost":0.0,"percentComplete":0.0,"percentCompleteType":"PHYSICAL","status":null,"type":"FINISH_MILESTONE"},{"objectId":121033,"id":"PTFAIT1020","name":"Preconfiguration (SmartCen) to be confirmed by client","wbsObjectId":27990,"wbsId":"WBS.2.4.1","wbsName":null,"projectObjectId":null,"projectType":null,"startDate":"2021-10-12T17:00:00","finishDate":"2021-10-12T17:00:00","actualStartDate":null,"actualFinishDate":null,"actualDuration":null,"isCritical":false,"plannedValueCost":0.0,"actualCost":0.0,"percentComplete":0.0,"percentCompleteType":"PHYSICAL","status":null,"type":"FINISH_MILESTONE"},{"objectId":121006,"id":"PTSF1030","name":"MILESTONE 6: REVIEW, REQUISITION, NEXT PHASE","wbsObjectId":27944,"wbsId":"WBS.2.5","wbsName":null,"projectObjectId":null,"projectType":null,"startDate":"2021-12-13T17:00:00","finishDate":"2021-12-13T17:00:00","actualStartDate":null,"actualFinishDate":null,"actualDuration":null,"isCritical":false,"plannedValueCost":0.0,"actualCost":0.0,"percentComplete":0.0,"percentCompleteType":"PHYSICAL","status":null,"type":"FINISH_MILESTONE"},{"objectId":120891,"id":"B1EDCM100","name":"Hardware Freeze","wbsObjectId":27969,"wbsId":"WBS.3.1.1","wbsName":null,"projectObjectId":null,"projectType":null,"startDate":"2021-02-10T08:00:00","finishDate":"2021-02-10T08:00:00","actualStartDate":null,"actualFinishDate":null,"actualDuration":null,"isCritical":false,"plannedValueCost":0.0,"actualCost":0.0,"percentComplete":0.0,"percentCompleteType":"PHYSICAL","status":null,"type":"START_MILESTONE"},{"objectId":120890,"id":"B1EDCM1070","name":"MILESTONE 2: REVIEW, REQUISITION, NEXT PHASE","wbsObjectId":27969,"wbsId":"WBS.3.1.1","wbsName":null,"projectObjectId":null,"projectType":null,"startDate":"2021-05-13T17:00:00","finishDate":"2021-05-13T17:00:00","actualStartDate":null,"actualFinishDate":null,"actualDuration":null,"isCritical":false,"plannedValueCost":0.0,"actualCost":0.0,"percentComplete":0.0,"percentCompleteType":"PHYSICAL","status":null,"type":"FINISH_MILESTONE"},{"objectId":120883,"id":"B1EDCBCC1090","name":"MILESTONE 3 REVIEW, REQUISITION, NEXT PHASE","wbsObjectId":27968,"wbsId":"WBS.3.1.2","wbsName":null,"projectObjectId":null,"projectType":null,"startDate":"2021-06-17T17:00:00","finishDate":"2021-06-17T17:00:00","actualStartDate":null,"actualFinishDate":null,"actualDuration":null,"isCritical":false,"plannedValueCost":0.0,"actualCost":0.0,"percentComplete":0.0,"percentCompleteType":"PHYSICAL","status":null,"type":"FINISH_MILESTONE"},{"objectId":120875,"id":"B1EDFC1100","name":"MILESTONE 4: REVIEW, REQUISITION, NEXT PHASE","wbsObjectId":27967,"wbsId":"WBS.3.1.3","wbsName":null,"projectObjectId":null,"projectType":null,"startDate":"2021-07-13T17:00:00","finishDate":"2021-07-13T17:00:00","actualStartDate":null,"actualFinishDate":null,"actualDuration":null,"isCritical":false,"plannedValueCost":0.0,"actualCost":0.0,"percentComplete":0.0,"percentCompleteType":"PHYSICAL","status":null,"type":"FINISH_MILESTONE"},{"objectId":120905,"id":"B1EDIF1140","name":"MILESTONE 5: REVIEW, REQUISITION, NEXT PHASE","wbsObjectId":27970,"wbsId":"WBS.3.1.4","wbsName":null,"projectObjectId":null,"projectType":null,"startDate":"2021-10-20T17:00:00","finishDate":"2021-10-20T17:00:00","actualStartDate":null,"actualFinishDate":null,"actualDuration":null,"isCritical":false,"plannedValueCost":0.0,"actualCost":0.0,"percentComplete":0.0,"percentCompleteType":"PHYSICAL","status":null,"type":"FINISH_MILESTONE"},{"objectId":120965,"id":"B1SF1030","name":"MILESTONE 6: REVIEW, REQUISITION, NEXT PHASE","wbsObjectId":27942,"wbsId":"WBS.3.5","wbsName":null,"projectObjectId":null,"projectType":null,"startDate":"2021-12-13T17:00:00","finishDate":"2021-12-13T17:00:00","actualStartDate":null,"actualFinishDate":null,"actualDuration":null,"isCritical":false,"plannedValueCost":0.0,"actualCost":0.0,"percentComplete":0.0,"percentCompleteType":"PHYSICAL","status":null,"type":"FINISH_MILESTONE"},{"objectId":121172,"id":"B2EDCM1000","name":"Hardware Freeze","wbsObjectId":28010,"wbsId":"WBS.4.1.1","wbsName":null,"projectObjectId":null,"projectType":null,"startDate":"2021-03-26T08:00:00","finishDate":"2021-03-26T08:00:00","actualStartDate":null,"actualFinishDate":null,"actualDuration":null,"isCritical":false,"plannedValueCost":0.0,"actualCost":0.0,"percentComplete":0.0,"percentCompleteType":"PHYSICAL","status":null,"type":"START_MILESTONE"},{"objectId":121171,"id":"B2EDCM1070","name":"MILESTONE 2: REVIEW, REQUISITION, NEXT PHASE","wbsObjectId":28010,"wbsId":"WBS.4.1.1","wbsName":null,"projectObjectId":null,"projectType":null,"startDate":"2021-07-06T17:00:00","finishDate":"2021-07-06T17:00:00","actualStartDate":null,"actualFinishDate":null,"actualDuration":null,"isCritical":false,"plannedValueCost":0.0,"actualCost":0.0,"percentComplete":0.0,"percentCompleteType":"PHYSICAL","status":null,"type":"FINISH_MILESTONE"},{"objectId":121180,"id":"B2EDCBCC1090","name":"MILESTONE 3 REVIEW, REQUISITION, NEXT PHASE","wbsObjectId":28011,"wbsId":"WBS.4.1.2","wbsName":null,"projectObjectId":null,"projectType":null,"startDate":"2021-07-16T17:00:00","finishDate":"2021-07-16T17:00:00","actualStartDate":null,"actualFinishDate":null,"actualDuration":null,"isCritical":false,"plannedValueCost":0.0,"actualCost":0.0,"percentComplete":0.0,"percentCompleteType":"PHYSICAL","status":null,"type":"FINISH_MILESTONE"},{"objectId":121189,"id":"B2EDFC1100","name":"MILESTONE 4: REVIEW, REQUISITION, NEXT PHASE","wbsObjectId":28012,"wbsId":"WBS.4.1.3","wbsName":null,"projectObjectId":null,"projectType":null,"startDate":"2021-07-29T17:00:00","finishDate":"2021-07-29T17:00:00","actualStartDate":null,"actualFinishDate":null,"actualDuration":null,"isCritical":false,"plannedValueCost":0.0,"actualCost":0.0,"percentComplete":0.0,"percentCompleteType":"PHYSICAL","status":null,"type":"FINISH_MILESTONE"},{"objectId":121164,"id":"B2EDIF1120","name":"MILESTONE 5: REVIEW, REQUISITION, NEXT PHASE","wbsObjectId":28009,"wbsId":"WBS.4.1.4","wbsName":null,"projectObjectId":null,"projectType":null,"startDate":"2021-10-25T17:00:00","finishDate":"2021-10-25T17:00:00","actualStartDate":null,"actualFinishDate":null,"actualDuration":null,"isCritical":false,"plannedValueCost":0.0,"actualCost":0.0,"percentComplete":0.0,"percentCompleteType":"PHYSICAL","status":null,"type":"FINISH_MILESTONE"},{"objectId":121209,"id":"B2SF1030","name":"MILESTONE 6: REVIEW, REQUISITION, NEXT PHASE","wbsObjectId":27957,"wbsId":"WBS.4.5","wbsName":null,"projectObjectId":null,"projectType":null,"startDate":"2022-02-15T17:00:00","finishDate":"2022-02-15T17:00:00","actualStartDate":null,"actualFinishDate":null,"actualDuration":null,"isCritical":false,"plannedValueCost":0.0,"actualCost":0.0,"percentComplete":0.0,"percentCompleteType":"PHYSICAL","status":null,"type":"FINISH_MILESTONE"},{"objectId":121069,"id":"B3EDCM1000","name":"Hardware Freeze","wbsObjectId":27995,"wbsId":"WBS.5.1.1","wbsName":null,"projectObjectId":null,"projectType":null,"startDate":"2021-04-27T08:00:00","finishDate":"2021-04-27T08:00:00","actualStartDate":null,"actualFinishDate":null,"actualDuration":null,"isCritical":false,"plannedValueCost":0.0,"actualCost":0.0,"percentComplete":0.0,"percentCompleteType":"PHYSICAL","status":null,"type":"START_MILESTONE"},{"objectId":121068,"id":"B3EDCM1070","name":"MILESTONE 2: REVIEW, REQUISITION, NEXT PHASE","wbsObjectId":27995,"wbsId":"WBS.5.1.1","wbsName":null,"projectObjectId":null,"projectType":null,"startDate":"2021-07-12T17:00:00","finishDate":"2021-07-12T17:00:00","actualStartDate":null,"actualFinishDate":null,"actualDuration":null,"isCritical":false,"plannedValueCost":0.0,"actualCost":0.0,"percentComplete":0.0,"percentCompleteType":"PHYSICAL","status":null,"type":"FINISH_MILESTONE"},{"objectId":121340,"id":"B3EDCM1080","name":"Hardware Freeze","wbsObjectId":28037,"wbsId":"WBS.5.1.5","wbsName":null,"projectObjectId":null,"projectType":null,"startDate":"2021-04-27T08:00:00","finishDate":"2021-04-27T08:00:00","actualStartDate":null,"actualFinishDate":null,"actualDuration":null,"isCritical":false,"plannedValueCost":0.0,"actualCost":0.0,"percentComplete":0.0,"percentCompleteType":"PHYSICAL","status":null,"type":"START_MILESTONE"},{"objectId":121339,"id":"B3EDCM1150","name":"MILESTONE 2: REVIEW, REQUISITION, NEXT PHASE","wbsObjectId":28037,"wbsId":"WBS.5.1.5","wbsName":null,"projectObjectId":null,"projectType":null,"startDate":"2021-07-12T17:00:00","finishDate":"2021-07-12T17:00:00","actualStartDate":null,"actualFinishDate":null,"actualDuration":null,"isCritical":false,"plannedValueCost":0.0,"actualCost":0.0,"percentComplete":0.0,"percentCompleteType":"PHYSICAL","status":null,"type":"FINISH_MILESTONE"},{"objectId":121077,"id":"B3EDCBCC1090","name":"MILESTONE 3 REVIEW, REQUISITION, NEXT PHASE","wbsObjectId":27996,"wbsId":"WBS.5.1.2","wbsName":null,"projectObjectId":null,"projectType":null,"startDate":"2021-10-06T17:00:00","finishDate":"2021-10-06T17:00:00","actualStartDate":null,"actualFinishDate":null,"actualDuration":null,"isCritical":false,"plannedValueCost":0.0,"actualCost":0.0,"percentComplete":0.0,"percentCompleteType":"PHYSICAL","status":null,"type":"FINISH_MILESTONE"},{"objectId":121101,"id":"B3EDFC1100","name":"MILESTONE 4: REVIEW, REQUISITION, NEXT PHASE","wbsObjectId":27998,"wbsId":"WBS.5.1.3","wbsName":null,"projectObjectId":null,"projectType":null,"startDate":"2021-09-17T17:00:00","finishDate":"2021-09-17T17:00:00","actualStartDate":null,"actualFinishDate":null,"actualDuration":null,"isCritical":false,"plannedValueCost":0.0,"actualCost":0.0,"percentComplete":0.0,"percentCompleteType":"PHYSICAL","status":null,"type":"FINISH_MILESTONE"},{"objectId":121090,"id":"B3EDIF1150","name":"MILESTONE 5: REVIEW, REQUISITION, NEXT PHASE","wbsObjectId":27997,"wbsId":"WBS.5.1.4","wbsName":null,"projectObjectId":null,"projectType":null,"startDate":"2022-01-28T17:00:00","finishDate":"2022-01-28T17:00:00","actualStartDate":null,"actualFinishDate":null,"actualDuration":null,"isCritical":false,"plannedValueCost":0.0,"actualCost":0.0,"percentComplete":0.0,"percentCompleteType":"PHYSICAL","status":null,"type":"FINISH_MILESTONE"},{"objectId":121104,"id":"B3SF1030","name":"MILESTONE 6: REVIEW, REQUISITION, NEXT PHASE","wbsObjectId":27951,"wbsId":"WBS.5.5","wbsName":null,"projectObjectId":null,"projectType":null,"startDate":"2022-02-15T17:00:00","finishDate":"2022-02-15T17:00:00","actualStartDate":null,"actualFinishDate":null,"actualDuration":null,"isCritical":false,"plannedValueCost":0.0,"actualCost":0.0,"percentComplete":0.0,"percentCompleteType":"PHYSICAL","status":null,"type":"FINISH_MILESTONE"},{"objectId":121293,"id":"B4EDCM1000","name":"Hardware Freeze","wbsObjectId":28030,"wbsId":"WBS.6.1.1","wbsName":null,"projectObjectId":null,"projectType":null,"startDate":"2021-06-23T08:00:00","finishDate":"2021-06-23T08:00:00","actualStartDate":null,"actualFinishDate":null,"actualDuration":null,"isCritical":true,"plannedValueCost":0.0,"actualCost":0.0,"percentComplete":0.0,"percentCompleteType":"PHYSICAL","status":null,"type":"START_MILESTONE"},{"objectId":121292,"id":"B4EDCM1070","name":"MILESTONE 2: REVIEW, REQUISITION, NEXT PHASE","wbsObjectId":28030,"wbsId":"WBS.6.1.1","wbsName":null,"projectObjectId":null,"projectType":null,"startDate":"2021-10-15T17:00:00","finishDate":"2021-10-15T17:00:00","actualStartDate":null,"actualFinishDate":null,"actualDuration":null,"isCritical":false,"plannedValueCost":0.0,"actualCost":0.0,"percentComplete":0.0,"percentCompleteType":"PHYSICAL","status":null,"type":"FINISH_MILESTONE"},{"objectId":121273,"id":"B4EDCBCC1090","name":"MILESTONE 3 REVIEW, REQUISITION, NEXT PHASE","wbsObjectId":28028,"wbsId":"WBS.6.1.2","wbsName":null,"projectObjectId":null,"projectType":null,"startDate":"2021-09-14T17:00:00","finishDate":"2021-09-14T17:00:00","actualStartDate":null,"actualFinishDate":null,"actualDuration":null,"isCritical":false,"plannedValueCost":0.0,"actualCost":0.0,"percentComplete":0.0,"percentCompleteType":"PHYSICAL","status":null,"type":"FINISH_MILESTONE"},{"objectId":121265,"id":"B4EDFC1100","name":"MILESTONE 4: REVIEW, REQUISITION, NEXT PHASE","wbsObjectId":28027,"wbsId":"WBS.6.1.3","wbsName":null,"projectObjectId":null,"projectType":null,"startDate":"2021-11-04T17:00:00","finishDate":"2021-11-04T17:00:00","actualStartDate":null,"actualFinishDate":null,"actualDuration":null,"isCritical":false,"plannedValueCost":0.0,"actualCost":0.0,"percentComplete":0.0,"percentCompleteType":"PHYSICAL","status":null,"type":"FINISH_MILESTONE"},{"objectId":121285,"id":"B4EDIF1120","name":"MILESTONE 5: REVIEW, REQUISITION, NEXT PHASE","wbsObjectId":28029,"wbsId":"WBS.6.1.4","wbsName":null,"projectObjectId":null,"projectType":null,"startDate":"2022-02-14T17:00:00","finishDate":"2022-02-14T17:00:00","actualStartDate":null,"actualFinishDate":null,"actualDuration":null,"isCritical":false,"plannedValueCost":0.0,"actualCost":0.0,"percentComplete":0.0,"percentCompleteType":"PHYSICAL","status":null,"type":"FINISH_MILESTONE"},{"objectId":121296,"id":"B4SF1030","name":"MILESTONE 6: REVIEW, REQUISITION, NEXT PHASE","wbsObjectId":27964,"wbsId":"WBS.6.5","wbsName":null,"projectObjectId":null,"projectType":null,"startDate":"2022-04-26T17:00:00","finishDate":"2022-04-26T17:00:00","actualStartDate":null,"actualFinishDate":null,"actualDuration":null,"isCritical":true,"plannedValueCost":0.0,"actualCost":0.0,"percentComplete":0.0,"percentCompleteType":"PHYSICAL","status":null,"type":"FINISH_MILESTONE"},{"objectId":121152,"id":"PC1050","name":"Project Completion","wbsObjectId":27932,"wbsId":"WBS.7","wbsName":null,"projectObjectId":null,"projectType":null,"startDate":"2022-05-05T17:00:00","finishDate":"2022-05-05T17:00:00","actualStartDate":null,"actualFinishDate":null,"actualDuration":null,"isCritical":true,"plannedValueCost":0.0,"actualCost":0.0,"percentComplete":0.0,"percentCompleteType":"PHYSICAL","status":null,"type":"FINISH_MILESTONE"}]