[{"objectId":113430,"id":"PC1000","name":"Project Commencement","wbsObjectId":27816,"wbsId":"WBS.8","wbsName":null,"projectObjectId":null,"projectType":null,"startDate":"2021-01-27T08:00:00","finishDate":"2021-01-27T08:00:00","actualStartDate":"2021-01-27T08:00:00","actualFinishDate":"2021-01-27T08:00:00","actualDuration":0.0,"isCritical":false,"plannedValueCost":0.0,"actualCost":0.0,"percentComplete":100.0,"percentCompleteType":"PHYSICAL","status":null,"type":"START_MILESTONE"},{"objectId":113902,"id":"PC1060","name":"Control Documents","wbsObjectId":27816,"wbsId":"WBS.8","wbsName":null,"projectObjectId":null,"projectType":null,"startDate":"2021-02-19T17:00:00","finishDate":"2021-02-19T17:00:00","actualStartDate":"2021-02-19T17:00:00","actualFinishDate":"2021-02-19T17:00:00","actualDuration":0.0,"isCritical":false,"plannedValueCost":0.0,"actualCost":0.0,"percentComplete":100.0,"percentCompleteType":"PHYSICAL","status":null,"type":"FINISH_MILESTONE"},{"objectId":113903,"id":"PC1070","name":"Prototype Engineering & Documentation","wbsObjectId":27816,"wbsId":"WBS.8","wbsName":null,"projectObjectId":null,"projectType":null,"startDate":"2021-11-26T17:00:00","finishDate":"2021-11-26T17:00:00","actualStartDate":null,"actualFinishDate":null,"actualDuration":null,"isCritical":false,"plannedValueCost":0.0,"actualCost":0.0,"percentComplete":0.0,"percentCompleteType":"PHYSICAL","status":null,"type":"FINISH_MILESTONE"},{"objectId":113904,"id":"PC1080","name":"Prototype Procurement","wbsObjectId":27816,"wbsId":"WBS.8","wbsName":null,"projectObjectId":null,"projectType":null,"startDate":"2022-03-23T17:00:00","finishDate":"2022-03-23T17:00:00","actualStartDate":null,"actualFinishDate":null,"actualDuration":null,"isCritical":false,"plannedValueCost":0.0,"actualCost":0.0,"percentComplete":0.0,"percentCompleteType":"PHYSICAL","status":null,"type":"FINISH_MILESTONE"},{"objectId":113905,"id":"PC1090","name":"Prototype Fabrication","wbsObjectId":27816,"wbsId":"WBS.8","wbsName":null,"projectObjectId":null,"projectType":null,"startDate":"2022-03-28T17:00:00","finishDate":"2022-03-28T17:00:00","actualStartDate":null,"actualFinishDate":null,"actualDuration":null,"isCritical":false,"plannedValueCost":0.0,"actualCost":0.0,"percentComplete":0.0,"percentCompleteType":"PHYSICAL","status":null,"type":"FINISH_MILESTONE"},{"objectId":113906,"id":"PC1100","name":"Prototype Factory Acceptance Test (Client Witness)","wbsObjectId":27816,"wbsId":"WBS.8","wbsName":null,"projectObjectId":null,"projectType":null,"startDate":"2022-04-14T17:00:00","finishDate":"2022-04-14T17:00:00","actualStartDate":null,"actualFinishDate":null,"actualDuration":null,"isCritical":false,"plannedValueCost":0.0,"actualCost":0.0,"percentComplete":0.0,"percentCompleteType":"PHYSICAL","status":null,"type":"FINISH_MILESTONE"},{"objectId":113951,"id":"PC1105","name":"Prototype Shipping & Final Doc","wbsObjectId":27816,"wbsId":"WBS.8","wbsName":null,"projectObjectId":null,"projectType":null,"startDate":"2022-05-26T17:00:00","finishDate":"2022-05-26T17:00:00","actualStartDate":null,"actualFinishDate":null,"actualDuration":null,"isCritical":true,"plannedValueCost":0.0,"actualCost":0.0,"percentComplete":0.0,"percentCompleteType":"PHYSICAL","status":null,"type":"FINISH_MILESTONE"},{"objectId":113907,"id":"PC1110","name":"Batch 1 - Engineering & Documentation","wbsObjectId":27816,"wbsId":"WBS.8","wbsName":null,"projectObjectId":null,"projectType":null,"startDate":"2022-03-07T17:00:00","finishDate":"2022-03-07T17:00:00","actualStartDate":null,"actualFinishDate":null,"actualDuration":null,"isCritical":false,"plannedValueCost":0.0,"actualCost":0.0,"percentComplete":0.0,"percentCompleteType":"PHYSICAL","status":null,"type":"FINISH_MILESTONE"},{"objectId":113908,"id":"PC1120","name":"Batch 1 - Procurement","wbsObjectId":27816,"wbsId":"WBS.8","wbsName":null,"projectObjectId":null,"projectType":null,"startDate":"2022-03-22T17:00:00","finishDate":"2022-03-22T17:00:00","actualStartDate":null,"actualFinishDate":null,"actualDuration":null,"isCritical":false,"plannedValueCost":0.0,"actualCost":0.0,"percentComplete":0.0,"percentCompleteType":"PHYSICAL","status":null,"type":"FINISH_MILESTONE"},{"objectId":113909,"id":"PC1130","name":"Batch 1 - Fabrication","wbsObjectId":27816,"wbsId":"WBS.8","wbsName":null,"projectObjectId":null,"projectType":null,"startDate":"2022-04-04T17:00:00","finishDate":"2022-04-04T17:00:00","actualStartDate":null,"actualFinishDate":null,"actualDuration":null,"isCritical":false,"plannedValueCost":0.0,"actualCost":0.0,"percentComplete":0.0,"percentCompleteType":"PHYSICAL","status":null,"type":"FINISH_MILESTONE"},{"objectId":113919,"id":"PC1140","name":"Batch 1 - Factory Acceptance Test (Client Witness)","wbsObjectId":27816,"wbsId":"WBS.8","wbsName":null,"projectObjectId":null,"projectType":null,"startDate":"2022-03-31T17:00:00","finishDate":"2022-03-31T17:00:00","actualStartDate":null,"actualFinishDate":null,"actualDuration":null,"isCritical":false,"plannedValueCost":0.0,"actualCost":0.0,"percentComplete":0.0,"percentCompleteType":"PHYSICAL","status":null,"type":"FINISH_MILESTONE"},{"objectId":113952,"id":"PC1145","name":"Batch 1 - Shipping & Final Doc","wbsObjectId":27816,"wbsId":"WBS.8","wbsName":null,"projectObjectId":null,"projectType":null,"startDate":"2022-04-14T17:00:00","finishDate":"2022-04-14T17:00:00","actualStartDate":null,"actualFinishDate":null,"actualDuration":null,"isCritical":false,"plannedValueCost":0.0,"actualCost":0.0,"percentComplete":0.0,"percentCompleteType":"PHYSICAL","status":null,"type":"FINISH_MILESTONE"},{"objectId":113920,"id":"PC1150","name":"Batch 2 - Engineering & Documentation","wbsObjectId":27816,"wbsId":"WBS.8","wbsName":null,"projectObjectId":null,"projectType":null,"startDate":"2022-02-15T17:00:00","finishDate":"2022-02-15T17:00:00","actualStartDate":null,"actualFinishDate":null,"actualDuration":null,"isCritical":false,"plannedValueCost":0.0,"actualCost":0.0,"percentComplete":0.0,"percentCompleteType":"PHYSICAL","status":null,"type":"FINISH_MILESTONE"},{"objectId":113921,"id":"PC1160","name":"Batch 2 - Procurement","wbsObjectId":27816,"wbsId":"WBS.8","wbsName":null,"projectObjectId":null,"projectType":null,"startDate":"2022-05-18T17:00:00","finishDate":"2022-05-18T17:00:00","actualStartDate":null,"actualFinishDate":null,"actualDuration":null,"isCritical":true,"plannedValueCost":0.0,"actualCost":0.0,"percentComplete":0.0,"percentCompleteType":"PHYSICAL","status":null,"type":"FINISH_MILESTONE"},{"objectId":113922,"id":"PC1170","name":"Batch 2 - Fabrication","wbsObjectId":27816,"wbsId":"WBS.8","wbsName":null,"projectObjectId":null,"projectType":null,"startDate":"2022-05-25T17:00:00","finishDate":"2022-05-25T17:00:00","actualStartDate":null,"actualFinishDate":null,"actualDuration":null,"isCritical":true,"plannedValueCost":0.0,"actualCost":0.0,"percentComplete":0.0,"percentCompleteType":"PHYSICAL","status":null,"type":"FINISH_MILESTONE"},{"objectId":113923,"id":"PC1180","name":"Batch 2 - Factory Acceptance Test (Client Witness)","wbsObjectId":27816,"wbsId":"WBS.8","wbsName":null,"projectObjectId":null,"projectType":null,"startDate":"2022-05-18T17:00:00","finishDate":"2022-05-18T17:00:00","actualStartDate":null,"actualFinishDate":null,"actualDuration":null,"isCritical":true,"plannedValueCost":0.0,"actualCost":0.0,"percentComplete":0.0,"percentCompleteType":"PHYSICAL","status":null,"type":"FINISH_MILESTONE"},{"objectId":113953,"id":"PC1185","name":"Batch 2 - Shipping & Final Doc","wbsObjectId":27816,"wbsId":"WBS.8","wbsName":null,"projectObjectId":null,"projectType":null,"startDate":"2022-06-08T17:00:00","finishDate":"2022-06-08T17:00:00","actualStartDate":null,"actualFinishDate":null,"actualDuration":null,"isCritical":true,"plannedValueCost":0.0,"actualCost":0.0,"percentComplete":0.0,"percentCompleteType":"PHYSICAL","status":null,"type":"FINISH_MILESTONE"},{"objectId":113924,"id":"PC1190","name":"Batch 3 - Engineering & Documentation","wbsObjectId":27816,"wbsId":"WBS.8","wbsName":null,"projectObjectId":null,"projectType":null,"startDate":"2022-05-23T17:00:00","finishDate":"2022-05-23T17:00:00","actualStartDate":null,"actualFinishDate":null,"actualDuration":null,"isCritical":true,"plannedValueCost":0.0,"actualCost":0.0,"percentComplete":0.0,"percentCompleteType":"PHYSICAL","status":null,"type":"FINISH_MILESTONE"},{"objectId":113925,"id":"PC1200","name":"Batch 3 - Procurement","wbsObjectId":27816,"wbsId":"WBS.8","wbsName":null,"projectObjectId":null,"projectType":null,"startDate":"2022-02-10T17:00:00","finishDate":"2022-02-10T17:00:00","actualStartDate":null,"actualFinishDate":null,"actualDuration":null,"isCritical":false,"plannedValueCost":0.0,"actualCost":0.0,"percentComplete":0.0,"percentCompleteType":"PHYSICAL","status":null,"type":"FINISH_MILESTONE"},{"objectId":113926,"id":"PC1210","name":"Batch 3 - Fabrication","wbsObjectId":27816,"wbsId":"WBS.8","wbsName":null,"projectObjectId":null,"projectType":null,"startDate":"2022-02-16T17:00:00","finishDate":"2022-02-16T17:00:00","actualStartDate":null,"actualFinishDate":null,"actualDuration":null,"isCritical":false,"plannedValueCost":0.0,"actualCost":0.0,"percentComplete":0.0,"percentCompleteType":"PHYSICAL","status":null,"type":"FINISH_MILESTONE"},{"objectId":113927,"id":"PC1220","name":"Batch 3 - Factory Acceptance Test (Client Witness)","wbsObjectId":27816,"wbsId":"WBS.8","wbsName":null,"projectObjectId":null,"projectType":null,"startDate":"2022-04-25T17:00:00","finishDate":"2022-04-25T17:00:00","actualStartDate":null,"actualFinishDate":null,"actualDuration":null,"isCritical":false,"plannedValueCost":0.0,"actualCost":0.0,"percentComplete":0.0,"percentCompleteType":"PHYSICAL","status":null,"type":"FINISH_MILESTONE"},{"objectId":113954,"id":"PC1225","name":"Batch 3 - Shipping & Final Doc","wbsObjectId":27816,"wbsId":"WBS.8","wbsName":null,"projectObjectId":null,"projectType":null,"startDate":"2022-05-23T17:00:00","finishDate":"2022-05-23T17:00:00","actualStartDate":null,"actualFinishDate":null,"actualDuration":null,"isCritical":true,"plannedValueCost":0.0,"actualCost":0.0,"percentComplete":0.0,"percentCompleteType":"PHYSICAL","status":null,"type":"FINISH_MILESTONE"},{"objectId":113928,"id":"PC1230","name":"Batch 4 - Engineering & Documentation","wbsObjectId":27816,"wbsId":"WBS.8","wbsName":null,"projectObjectId":null,"projectType":null,"startDate":"2022-03-24T17:00:00","finishDate":"2022-03-24T17:00:00","actualStartDate":null,"actualFinishDate":null,"actualDuration":null,"isCritical":false,"plannedValueCost":0.0,"actualCost":0.0,"percentComplete":0.0,"percentCompleteType":"PHYSICAL","status":null,"type":"FINISH_MILESTONE"},{"objectId":113929,"id":"PC1240","name":"Batch 4 - Procurement","wbsObjectId":27816,"wbsId":"WBS.8","wbsName":null,"projectObjectId":null,"projectType":null,"startDate":"2022-03-15T17:00:00","finishDate":"2022-03-15T17:00:00","actualStartDate":null,"actualFinishDate":null,"actualDuration":null,"isCritical":false,"plannedValueCost":0.0,"actualCost":0.0,"percentComplete":0.0,"percentCompleteType":"PHYSICAL","status":null,"type":"FINISH_MILESTONE"},{"objectId":113930,"id":"PC1250","name":"Batch 4 - Fabrication","wbsObjectId":27816,"wbsId":"WBS.8","wbsName":null,"projectObjectId":null,"projectType":null,"startDate":"2022-03-01T17:00:00","finishDate":"2022-03-01T17:00:00","actualStartDate":null,"actualFinishDate":null,"actualDuration":null,"isCritical":false,"plannedValueCost":0.0,"actualCost":0.0,"percentComplete":0.0,"percentCompleteType":"PHYSICAL","status":null,"type":"FINISH_MILESTONE"},{"objectId":113931,"id":"PC1260","name":"Batch 4 - Factory Acceptance Test (Client Witness)","wbsObjectId":27816,"wbsId":"WBS.8","wbsName":null,"projectObjectId":null,"projectType":null,"startDate":"2022-05-20T17:00:00","finishDate":"2022-05-20T17:00:00","actualStartDate":null,"actualFinishDate":null,"actualDuration":null,"isCritical":true,"plannedValueCost":0.0,"actualCost":0.0,"percentComplete":0.0,"percentCompleteType":"PHYSICAL","status":null,"type":"FINISH_MILESTONE"},{"objectId":113955,"id":"PC1265","name":"Batch 4 - Shipping & Final Doc","wbsObjectId":27816,"wbsId":"WBS.8","wbsName":null,"projectObjectId":null,"projectType":null,"startDate":"2022-06-08T17:00:00","finishDate":"2022-06-08T17:00:00","actualStartDate":null,"actualFinishDate":null,"actualDuration":null,"isCritical":true,"plannedValueCost":0.0,"actualCost":0.0,"percentComplete":0.0,"percentCompleteType":"PHYSICAL","status":null,"type":"FINISH_MILESTONE"},{"objectId":113443,"id":"PTEDCD1090","name":"MILESTONE 1: REVIEW, REQUISITION, NEXT PHASE","wbsObjectId":27817,"wbsId":"WBS.1.7","wbsName":null,"projectObjectId":null,"projectType":null,"startDate":"2021-02-19T17:00:00","finishDate":"2021-02-19T17:00:00","actualStartDate":"2021-02-19T17:00:00","actualFinishDate":"2021-02-19T17:00:00","actualDuration":0.0,"isCritical":false,"plannedValueCost":0.0,"actualCost":0.0,"percentComplete":100.0,"percentCompleteType":"PHYSICAL","status":null,"type":"FINISH_MILESTONE"},{"objectId":113551,"id":"PTEDCM1000","name":"Hardware Freeze","wbsObjectId":27862,"wbsId":"WBS.2.1.1","wbsName":null,"projectObjectId":null,"projectType":null,"startDate":"2021-02-15T08:00:00","finishDate":"2021-02-15T08:00:00","actualStartDate":"2021-02-15T08:00:00","actualFinishDate":"2021-02-15T08:00:00","actualDuration":0.0,"isCritical":false,"plannedValueCost":0.0,"actualCost":0.0,"percentComplete":100.0,"percentCompleteType":"PHYSICAL","status":null,"type":"START_MILESTONE"},{"objectId":113550,"id":"PTEDCM1070","name":"MILESTONE 2: REVIEW, REQUISITION, NEXT PHASE","wbsObjectId":27862,"wbsId":"WBS.2.1.1","wbsName":null,"projectObjectId":null,"projectType":null,"startDate":"2021-09-07T17:00:00","finishDate":"2021-09-07T17:00:00","actualStartDate":null,"actualFinishDate":null,"actualDuration":null,"isCritical":true,"plannedValueCost":0.0,"actualCost":0.0,"percentComplete":0.0,"percentCompleteType":"PHYSICAL","status":null,"type":"FINISH_MILESTONE"},{"objectId":113580,"id":"PTEDCBCC1090","name":"MILESTONE 3 REVIEW, REQUISITION, NEXT PHASE","wbsObjectId":27865,"wbsId":"WBS.2.1.2","wbsName":null,"projectObjectId":null,"projectType":null,"startDate":"2021-10-18T17:00:00","finishDate":"2021-10-18T17:00:00","actualStartDate":null,"actualFinishDate":null,"actualDuration":null,"isCritical":false,"plannedValueCost":0.0,"actualCost":0.0,"percentComplete":0.0,"percentCompleteType":"PHYSICAL","status":null,"type":"FINISH_MILESTONE"},{"objectId":113572,"id":"PTEDFC1100","name":"MILESTONE 4: REVIEW, REQUISITION, NEXT PHASE","wbsObjectId":27864,"wbsId":"WBS.2.1.3","wbsName":null,"projectObjectId":null,"projectType":null,"startDate":"2021-11-26T17:00:00","finishDate":"2021-11-26T17:00:00","actualStartDate":null,"actualFinishDate":null,"actualDuration":null,"isCritical":false,"plannedValueCost":0.0,"actualCost":0.0,"percentComplete":0.0,"percentCompleteType":"PHYSICAL","status":null,"type":"FINISH_MILESTONE"},{"objectId":113563,"id":"PTEDIF1120","name":"MILESTONE 5: REVIEW, REQUISITION, NEXT PHASE","wbsObjectId":27863,"wbsId":"WBS.2.1.4","wbsName":null,"projectObjectId":null,"projectType":null,"startDate":"2021-11-26T17:00:00","finishDate":"2021-11-26T17:00:00","actualStartDate":null,"actualFinishDate":null,"actualDuration":null,"isCritical":false,"plannedValueCost":0.0,"actualCost":0.0,"percentComplete":0.0,"percentCompleteType":"PHYSICAL","status":null,"type":"FINISH_MILESTONE"},{"objectId":113610,"id":"PTFAIT1020","name":"Preconfiguration (SmartCen) to be confirmed by client","wbsObjectId":27871,"wbsId":"WBS.2.4.1","wbsName":null,"projectObjectId":null,"projectType":null,"startDate":"2022-03-25T17:00:00","finishDate":"2022-03-25T17:00:00","actualStartDate":null,"actualFinishDate":null,"actualDuration":null,"isCritical":true,"plannedValueCost":0.0,"actualCost":0.0,"percentComplete":0.0,"percentCompleteType":"PHYSICAL","status":null,"type":"FINISH_MILESTONE"},{"objectId":113583,"id":"PTSF1030","name":"MILESTONE 6: REVIEW, REQUISITION, NEXT PHASE","wbsObjectId":27825,"wbsId":"WBS.2.5","wbsName":null,"projectObjectId":null,"projectType":null,"startDate":"2022-05-26T17:00:00","finishDate":"2022-05-26T17:00:00","actualStartDate":null,"actualFinishDate":null,"actualDuration":null,"isCritical":true,"plannedValueCost":0.0,"actualCost":0.0,"percentComplete":0.0,"percentCompleteType":"PHYSICAL","status":null,"type":"FINISH_MILESTONE"},{"objectId":113468,"id":"B1EDCM100","name":"Hardware Freeze","wbsObjectId":27850,"wbsId":"WBS.3.1.1","wbsName":null,"projectObjectId":null,"projectType":null,"startDate":"2021-02-10T08:00:00","finishDate":"2021-02-10T08:00:00","actualStartDate":"2021-02-10T08:00:00","actualFinishDate":"2021-02-10T08:00:00","actualDuration":0.0,"isCritical":false,"plannedValueCost":0.0,"actualCost":0.0,"percentComplete":100.0,"percentCompleteType":"PHYSICAL","status":null,"type":"START_MILESTONE"},{"objectId":113467,"id":"B1EDCM1070","name":"MILESTONE 2: REVIEW, REQUISITION, NEXT PHASE","wbsObjectId":27850,"wbsId":"WBS.3.1.1","wbsName":null,"projectObjectId":null,"projectType":null,"startDate":"2021-06-17T17:00:00","finishDate":"2021-06-17T17:00:00","actualStartDate":"2021-06-17T17:00:00","actualFinishDate":"2021-06-17T17:00:00","actualDuration":0.0,"isCritical":false,"plannedValueCost":0.0,"actualCost":0.0,"percentComplete":100.0,"percentCompleteType":"PHYSICAL","status":null,"type":"FINISH_MILESTONE"},{"objectId":113460,"id":"B1EDCBCC1090","name":"MILESTONE 3 REVIEW, REQUISITION, NEXT PHASE","wbsObjectId":27849,"wbsId":"WBS.3.1.2","wbsName":null,"projectObjectId":null,"projectType":null,"startDate":"2021-07-02T17:00:00","finishDate":"2021-07-02T17:00:00","actualStartDate":"2021-07-02T17:00:00","actualFinishDate":"2021-07-02T17:00:00","actualDuration":0.0,"isCritical":false,"plannedValueCost":0.0,"actualCost":0.0,"percentComplete":100.0,"percentCompleteType":"PHYSICAL","status":null,"type":"FINISH_MILESTONE"},{"objectId":113452,"id":"B1EDFC1100","name":"MILESTONE 4: REVIEW, REQUISITION, NEXT PHASE","wbsObjectId":27848,"wbsId":"WBS.3.1.3","wbsName":null,"projectObjectId":null,"projectType":null,"startDate":"2021-07-22T17:00:00","finishDate":"2021-07-22T17:00:00","actualStartDate":"2021-07-22T17:00:00","actualFinishDate":"2021-07-22T17:00:00","actualDuration":0.0,"isCritical":false,"plannedValueCost":0.0,"actualCost":0.0,"percentComplete":100.0,"percentCompleteType":"PHYSICAL","status":null,"type":"FINISH_MILESTONE"},{"objectId":113482,"id":"B1EDIF1140","name":"MILESTONE 5: REVIEW, REQUISITION, NEXT PHASE","wbsObjectId":27851,"wbsId":"WBS.3.1.4","wbsName":null,"projectObjectId":null,"projectType":null,"startDate":"2022-03-07T17:00:00","finishDate":"2022-03-07T17:00:00","actualStartDate":null,"actualFinishDate":null,"actualDuration":null,"isCritical":false,"plannedValueCost":0.0,"actualCost":0.0,"percentComplete":0.0,"percentCompleteType":"PHYSICAL","status":null,"type":"FINISH_MILESTONE"},{"objectId":113542,"id":"B1SF1030","name":"MILESTONE 6: REVIEW, REQUISITION, NEXT PHASE","wbsObjectId":27823,"wbsId":"WBS.3.5","wbsName":null,"projectObjectId":null,"projectType":null,"startDate":"2022-04-14T17:00:00","finishDate":"2022-04-14T17:00:00","actualStartDate":null,"actualFinishDate":null,"actualDuration":null,"isCritical":false,"plannedValueCost":0.0,"actualCost":0.0,"percentComplete":0.0,"percentCompleteType":"PHYSICAL","status":null,"type":"FINISH_MILESTONE"},{"objectId":113749,"id":"B2EDCM1000","name":"Hardware Freeze","wbsObjectId":27891,"wbsId":"WBS.4.1.1","wbsName":null,"projectObjectId":null,"projectType":null,"startDate":"2021-03-26T08:00:00","finishDate":"2021-03-26T08:00:00","actualStartDate":"2021-03-26T08:00:00","actualFinishDate":"2021-03-26T08:00:00","actualDuration":0.0,"isCritical":false,"plannedValueCost":0.0,"actualCost":0.0,"percentComplete":100.0,"percentCompleteType":"PHYSICAL","status":null,"type":"START_MILESTONE"},{"objectId":113748,"id":"B2EDCM1070","name":"MILESTONE 2: REVIEW, REQUISITION, NEXT PHASE","wbsObjectId":27891,"wbsId":"WBS.4.1.1","wbsName":null,"projectObjectId":null,"projectType":null,"startDate":"2021-10-20T17:00:00","finishDate":"2021-10-20T17:00:00","actualStartDate":null,"actualFinishDate":null,"actualDuration":null,"isCritical":true,"plannedValueCost":0.0,"actualCost":0.0,"percentComplete":0.0,"percentCompleteType":"PHYSICAL","status":null,"type":"FINISH_MILESTONE"},{"objectId":113757,"id":"B2EDCBCC1090","name":"MILESTONE 3 REVIEW, REQUISITION, NEXT PHASE","wbsObjectId":27892,"wbsId":"WBS.4.1.2","wbsName":null,"projectObjectId":null,"projectType":null,"startDate":"2021-11-08T17:00:00","finishDate":"2021-11-08T17:00:00","actualStartDate":null,"actualFinishDate":null,"actualDuration":null,"isCritical":true,"plannedValueCost":0.0,"actualCost":0.0,"percentComplete":0.0,"percentCompleteType":"PHYSICAL","status":null,"type":"FINISH_MILESTONE"},{"objectId":113766,"id":"B2EDFC1100","name":"MILESTONE 4: REVIEW, REQUISITION, NEXT PHASE","wbsObjectId":27893,"wbsId":"WBS.4.1.3","wbsName":null,"projectObjectId":null,"projectType":null,"startDate":"2021-11-19T17:00:00","finishDate":"2021-11-19T17:00:00","actualStartDate":null,"actualFinishDate":null,"actualDuration":null,"isCritical":true,"plannedValueCost":0.0,"actualCost":0.0,"percentComplete":0.0,"percentCompleteType":"PHYSICAL","status":null,"type":"FINISH_MILESTONE"},{"objectId":113741,"id":"B2EDIF1120","name":"MILESTONE 5: REVIEW, REQUISITION, NEXT PHASE","wbsObjectId":27890,"wbsId":"WBS.4.1.4","wbsName":null,"projectObjectId":null,"projectType":null,"startDate":"2022-02-15T17:00:00","finishDate":"2022-02-15T17:00:00","actualStartDate":null,"actualFinishDate":null,"actualDuration":null,"isCritical":false,"plannedValueCost":0.0,"actualCost":0.0,"percentComplete":0.0,"percentCompleteType":"PHYSICAL","status":null,"type":"FINISH_MILESTONE"},{"objectId":113786,"id":"B2SF1030","name":"MILESTONE 6: REVIEW, REQUISITION, NEXT PHASE","wbsObjectId":27838,"wbsId":"WBS.4.5","wbsName":null,"projectObjectId":null,"projectType":null,"startDate":"2022-06-08T17:00:00","finishDate":"2022-06-08T17:00:00","actualStartDate":null,"actualFinishDate":null,"actualDuration":null,"isCritical":true,"plannedValueCost":0.0,"actualCost":0.0,"percentComplete":0.0,"percentCompleteType":"PHYSICAL","status":null,"type":"FINISH_MILESTONE"},{"objectId":113646,"id":"B3EDCM1000","name":"Hardware Freeze","wbsObjectId":27876,"wbsId":"WBS.5.1.1","wbsName":null,"projectObjectId":null,"projectType":null,"startDate":"2021-08-02T08:00:00","finishDate":"2021-08-02T08:00:00","actualStartDate":null,"actualFinishDate":null,"actualDuration":null,"isCritical":true,"plannedValueCost":0.0,"actualCost":0.0,"percentComplete":0.0,"percentCompleteType":"PHYSICAL","status":null,"type":"START_MILESTONE"},{"objectId":113645,"id":"B3EDCM1070","name":"MILESTONE 2: REVIEW, REQUISITION, NEXT PHASE","wbsObjectId":27876,"wbsId":"WBS.5.1.1","wbsName":null,"projectObjectId":null,"projectType":null,"startDate":"2021-09-28T17:00:00","finishDate":"2021-09-28T17:00:00","actualStartDate":null,"actualFinishDate":null,"actualDuration":null,"isCritical":true,"plannedValueCost":0.0,"actualCost":0.0,"percentComplete":0.0,"percentCompleteType":"PHYSICAL","status":null,"type":"FINISH_MILESTONE"},{"objectId":113917,"id":"B3EDCM1080","name":"Hardware Freeze","wbsObjectId":27918,"wbsId":"WBS.5.1.5","wbsName":null,"projectObjectId":null,"projectType":null,"startDate":"2021-08-02T08:00:00","finishDate":"2021-08-02T08:00:00","actualStartDate":null,"actualFinishDate":null,"actualDuration":null,"isCritical":false,"plannedValueCost":0.0,"actualCost":0.0,"percentComplete":0.0,"percentCompleteType":"PHYSICAL","status":null,"type":"START_MILESTONE"},{"objectId":113916,"id":"B3EDCM1150","name":"MILESTONE 2: REVIEW, REQUISITION, NEXT PHASE","wbsObjectId":27918,"wbsId":"WBS.5.1.5","wbsName":null,"projectObjectId":null,"projectType":null,"startDate":"2021-10-15T17:00:00","finishDate":"2021-10-15T17:00:00","actualStartDate":null,"actualFinishDate":null,"actualDuration":null,"isCritical":false,"plannedValueCost":0.0,"actualCost":0.0,"percentComplete":0.0,"percentCompleteType":"PHYSICAL","status":null,"type":"FINISH_MILESTONE"},{"objectId":113654,"id":"B3EDCBCC1090","name":"MILESTONE 3 REVIEW, REQUISITION, NEXT PHASE","wbsObjectId":27877,"wbsId":"WBS.5.1.2","wbsName":null,"projectObjectId":null,"projectType":null,"startDate":"2021-12-28T17:00:00","finishDate":"2021-12-28T17:00:00","actualStartDate":null,"actualFinishDate":null,"actualDuration":null,"isCritical":false,"plannedValueCost":0.0,"actualCost":0.0,"percentComplete":0.0,"percentCompleteType":"PHYSICAL","status":null,"type":"FINISH_MILESTONE"},{"objectId":113678,"id":"B3EDFC1100","name":"MILESTONE 4: REVIEW, REQUISITION, NEXT PHASE","wbsObjectId":27879,"wbsId":"WBS.5.1.3","wbsName":null,"projectObjectId":null,"projectType":null,"startDate":"2021-12-09T17:00:00","finishDate":"2021-12-09T17:00:00","actualStartDate":null,"actualFinishDate":null,"actualDuration":null,"isCritical":true,"plannedValueCost":0.0,"actualCost":0.0,"percentComplete":0.0,"percentCompleteType":"PHYSICAL","status":null,"type":"FINISH_MILESTONE"},{"objectId":113667,"id":"B3EDIF1150","name":"MILESTONE 5: REVIEW, REQUISITION, NEXT PHASE","wbsObjectId":27878,"wbsId":"WBS.5.1.4","wbsName":null,"projectObjectId":null,"projectType":null,"startDate":"2022-05-23T17:00:00","finishDate":"2022-05-23T17:00:00","actualStartDate":null,"actualFinishDate":null,"actualDuration":null,"isCritical":true,"plannedValueCost":0.0,"actualCost":0.0,"percentComplete":0.0,"percentCompleteType":"PHYSICAL","status":null,"type":"FINISH_MILESTONE"},{"objectId":113681,"id":"B3SF1030","name":"MILESTONE 6: REVIEW, REQUISITION, NEXT PHASE","wbsObjectId":27832,"wbsId":"WBS.5.5","wbsName":null,"projectObjectId":null,"projectType":null,"startDate":"2022-05-23T17:00:00","finishDate":"2022-05-23T17:00:00","actualStartDate":null,"actualFinishDate":null,"actualDuration":null,"isCritical":true,"plannedValueCost":0.0,"actualCost":0.0,"percentComplete":0.0,"percentCompleteType":"PHYSICAL","status":null,"type":"FINISH_MILESTONE"},{"objectId":113870,"id":"B4EDCM1000","name":"Hardware Freeze","wbsObjectId":27911,"wbsId":"WBS.6.1.1","wbsName":null,"projectObjectId":null,"projectType":null,"startDate":"2021-08-02T08:00:00","finishDate":"2021-08-02T08:00:00","actualStartDate":null,"actualFinishDate":null,"actualDuration":null,"isCritical":true,"plannedValueCost":0.0,"actualCost":0.0,"percentComplete":0.0,"percentCompleteType":"PHYSICAL","status":null,"type":"START_MILESTONE"},{"objectId":113869,"id":"B4EDCM1070","name":"MILESTONE 2: REVIEW, REQUISITION, NEXT PHASE","wbsObjectId":27911,"wbsId":"WBS.6.1.1","wbsName":null,"projectObjectId":null,"projectType":null,"startDate":"2021-11-24T17:00:00","finishDate":"2021-11-24T17:00:00","actualStartDate":null,"actualFinishDate":null,"actualDuration":null,"isCritical":true,"plannedValueCost":0.0,"actualCost":0.0,"percentComplete":0.0,"percentCompleteType":"PHYSICAL","status":null,"type":"FINISH_MILESTONE"},{"objectId":113850,"id":"B4EDCBCC1090","name":"MILESTONE 3 REVIEW, REQUISITION, NEXT PHASE","wbsObjectId":27909,"wbsId":"WBS.6.1.2","wbsName":null,"projectObjectId":null,"projectType":null,"startDate":"2021-10-22T17:00:00","finishDate":"2021-10-22T17:00:00","actualStartDate":null,"actualFinishDate":null,"actualDuration":null,"isCritical":false,"plannedValueCost":0.0,"actualCost":0.0,"percentComplete":0.0,"percentCompleteType":"PHYSICAL","status":null,"type":"FINISH_MILESTONE"},{"objectId":113842,"id":"B4EDFC1100","name":"MILESTONE 4: REVIEW, REQUISITION, NEXT PHASE","wbsObjectId":27908,"wbsId":"WBS.6.1.3","wbsName":null,"projectObjectId":null,"projectType":null,"startDate":"2021-12-14T17:00:00","finishDate":"2021-12-14T17:00:00","actualStartDate":null,"actualFinishDate":null,"actualDuration":null,"isCritical":true,"plannedValueCost":0.0,"actualCost":0.0,"percentComplete":0.0,"percentCompleteType":"PHYSICAL","status":null,"type":"FINISH_MILESTONE"},{"objectId":113862,"id":"B4EDIF1120","name":"MILESTONE 5: REVIEW, REQUISITION, NEXT PHASE","wbsObjectId":27910,"wbsId":"WBS.6.1.4","wbsName":null,"projectObjectId":null,"projectType":null,"startDate":"2022-03-24T17:00:00","finishDate":"2022-03-24T17:00:00","actualStartDate":null,"actualFinishDate":null,"actualDuration":null,"isCritical":false,"plannedValueCost":0.0,"actualCost":0.0,"percentComplete":0.0,"percentCompleteType":"PHYSICAL","status":null,"type":"FINISH_MILESTONE"},{"objectId":113873,"id":"B4SF1030","name":"MILESTONE 6: REVIEW, REQUISITION, NEXT PHASE","wbsObjectId":27845,"wbsId":"WBS.6.5","wbsName":null,"projectObjectId":null,"projectType":null,"startDate":"2022-06-08T17:00:00","finishDate":"2022-06-08T17:00:00","actualStartDate":null,"actualFinishDate":null,"actualDuration":null,"isCritical":true,"plannedValueCost":0.0,"actualCost":0.0,"percentComplete":0.0,"percentCompleteType":"PHYSICAL","status":null,"type":"FINISH_MILESTONE"},{"objectId":113729,"id":"PC1050","name":"Project Completion","wbsObjectId":27813,"wbsId":"WBS.7","wbsName":null,"projectObjectId":null,"projectType":null,"startDate":"2022-06-29T17:00:00","finishDate":"2022-06-29T17:00:00","actualStartDate":null,"actualFinishDate":null,"actualDuration":null,"isCritical":true,"plannedValueCost":0.0,"actualCost":0.0,"percentComplete":0.0,"percentCompleteType":"PHYSICAL","status":null,"type":"FINISH_MILESTONE"}]