[
    {
        "objectId": 27935,
        "code": "WBS.8",
        "name": "Project Milestone",
        "projectId": null,
        "projectObjectId": null,
        "parentObjectId": null,
        "projectType": "BASELINE_PROJECT",
        "startDate": "2021-01-27T08:00:00",
        "finishDate": "2022-04-26T17:00:00",
        "summaryActualDuration": null,
        "summaryActualStartDate": null,
        "summaryActualFinishDate": null,
        "summaryPlannedValueByCost": null,
        "summaryPerformancePercentCompleteByCost": null
    },
    {
        "objectId": 27928,
        "code": "WBS.1",
        "name": "Project Commencement",
        "projectId": null,
        "projectObjectId": null,
        "parentObjectId": null,
        "projectType": "BASELINE_PROJECT",
        "startDate": "2021-01-27T08:00:00",
        "finishDate": "2021-02-19T17:00:00",
        "summaryActualDuration": null,
        "summaryActualStartDate": null,
        "summaryActualFinishDate": null,
        "summaryPlannedValueByCost": null,
        "summaryPerformancePercentCompleteByCost": null
    },
    {
        "objectId": 27936,
        "code": "WBS.1.7",
        "name": "Control Documents",
        "projectId": null,
        "projectObjectId": null,
        "parentObjectId": 27928,
        "projectType": "BASELINE_PROJECT",
        "startDate": "2021-02-01T08:00:00",
        "finishDate": "2021-02-19T17:00:00",
        "summaryActualDuration": null,
        "summaryActualStartDate": null,
        "summaryActualFinishDate": null,
        "summaryPlannedValueByCost": null,
        "summaryPerformancePercentCompleteByCost": null
    },
    {
        "objectId": 27930,
        "code": "WBS.2",
        "name": "Prototype Tag No. 6900-CMH-180",
        "projectId": null,
        "projectObjectId": null,
        "parentObjectId": null,
        "projectType": "BASELINE_PROJECT",
        "startDate": "2021-02-10T08:00:00",
        "finishDate": "2021-12-13T17:00:00",
        "summaryActualDuration": null,
        "summaryActualStartDate": null,
        "summaryActualFinishDate": null,
        "summaryPlannedValueByCost": null,
        "summaryPerformancePercentCompleteByCost": null
    },
    {
        "objectId": 27943,
        "code": "WBS.2.1",
        "name": "Engineering & Documentation",
        "projectId": null,
        "projectObjectId": null,
        "parentObjectId": 27930,
        "projectType": "BASELINE_PROJECT",
        "startDate": "2021-02-10T08:00:00",
        "finishDate": "2021-06-08T17:00:00",
        "summaryActualDuration": null,
        "summaryActualStartDate": null,
        "summaryActualFinishDate": null,
        "summaryPlannedValueByCost": null,
        "summaryPerformancePercentCompleteByCost": null
    },
    {
        "objectId": 27981,
        "code": "WBS.2.1.1",
        "name": "Custody Metering House (6900-CMH-180)",
        "projectId": null,
        "projectObjectId": null,
        "parentObjectId": 27943,
        "projectType": "BASELINE_PROJECT",
        "startDate": "2021-02-10T08:00:00",
        "finishDate": "2021-03-29T17:00:00",
        "summaryActualDuration": null,
        "summaryActualStartDate": null,
        "summaryActualFinishDate": null,
        "summaryPlannedValueByCost": null,
        "summaryPerformancePercentCompleteByCost": null
    },
    {
        "objectId": 27984,
        "code": "WBS.2.1.2",
        "name": "Flow Computer Cabinet (2 Nos)",
        "projectId": null,
        "projectObjectId": null,
        "parentObjectId": 27943,
        "projectType": "BASELINE_PROJECT",
        "startDate": "2021-02-10T08:00:00",
        "finishDate": "2021-05-05T17:00:00",
        "summaryActualDuration": null,
        "summaryActualStartDate": null,
        "summaryActualFinishDate": null,
        "summaryPlannedValueByCost": null,
        "summaryPerformancePercentCompleteByCost": null
    },
    {
        "objectId": 27983,
        "code": "WBS.2.1.3",
        "name": "Flow Computer (6 Nos) & Supervisory System (2 Nos)",
        "projectId": null,
        "projectObjectId": null,
        "parentObjectId": 27943,
        "projectType": "BASELINE_PROJECT",
        "startDate": "2021-02-10T08:00:00",
        "finishDate": "2021-06-08T17:00:00",
        "summaryActualDuration": null,
        "summaryActualStartDate": null,
        "summaryActualFinishDate": null,
        "summaryPlannedValueByCost": null,
        "summaryPerformancePercentCompleteByCost": null
    },
    {
        "objectId": 27982,
        "code": "WBS.2.1.4",
        "name": "Instrumentation & Flow Meter (3 Tags)",
        "projectId": null,
        "projectObjectId": null,
        "parentObjectId": 27943,
        "projectType": "BASELINE_PROJECT",
        "startDate": "2021-02-22T08:00:00",
        "finishDate": "2021-06-08T17:00:00",
        "summaryActualDuration": null,
        "summaryActualStartDate": null,
        "summaryActualFinishDate": null,
        "summaryPlannedValueByCost": null,
        "summaryPerformancePercentCompleteByCost": null
    },
    {
        "objectId": 27946,
        "code": "WBS.2.2",
        "name": "Procurement",
        "projectId": null,
        "projectObjectId": null,
        "parentObjectId": 27930,
        "projectType": "BASELINE_PROJECT",
        "startDate": "2021-02-17T08:00:00",
        "finishDate": "2021-10-19T17:00:00",
        "summaryActualDuration": null,
        "summaryActualStartDate": null,
        "summaryActualFinishDate": null,
        "summaryPlannedValueByCost": null,
        "summaryPerformancePercentCompleteByCost": null
    },
    {
        "objectId": 27986,
        "code": "WBS.2.2.1",
        "name": "Custody Metering House (6900-CMH-180)",
        "projectId": null,
        "projectObjectId": null,
        "parentObjectId": 27946,
        "projectType": "BASELINE_PROJECT",
        "startDate": "2021-02-17T08:00:00",
        "finishDate": "2021-06-07T17:00:00",
        "summaryActualDuration": null,
        "summaryActualStartDate": null,
        "summaryActualFinishDate": null,
        "summaryPlannedValueByCost": null,
        "summaryPerformancePercentCompleteByCost": null
    },
    {
        "objectId": 27985,
        "code": "WBS.2.2.2",
        "name": "Flow Computer Cabinet (2 Nos) & Mimic Diagram (2 Nos)",
        "projectId": null,
        "projectObjectId": null,
        "parentObjectId": 27946,
        "projectType": "BASELINE_PROJECT",
        "startDate": "2021-02-17T08:00:00",
        "finishDate": "2021-05-25T17:00:00",
        "summaryActualDuration": null,
        "summaryActualStartDate": null,
        "summaryActualFinishDate": null,
        "summaryPlannedValueByCost": null,
        "summaryPerformancePercentCompleteByCost": null
    },
    {
        "objectId": 27988,
        "code": "WBS.2.2.3",
        "name": "Flow Computer (6 Nos) & Supervisory System (2 Nos)",
        "projectId": null,
        "projectObjectId": null,
        "parentObjectId": 27946,
        "projectType": "BASELINE_PROJECT",
        "startDate": "2021-02-22T08:00:00",
        "finishDate": "2021-06-02T17:00:00",
        "summaryActualDuration": null,
        "summaryActualStartDate": null,
        "summaryActualFinishDate": null,
        "summaryPlannedValueByCost": null,
        "summaryPerformancePercentCompleteByCost": null
    },
    {
        "objectId": 27987,
        "code": "WBS.2.2.4",
        "name": "Instrumentation & Flow Meter (3 Tags)",
        "projectId": null,
        "projectObjectId": null,
        "parentObjectId": 27946,
        "projectType": "BASELINE_PROJECT",
        "startDate": "2021-03-08T08:00:00",
        "finishDate": "2021-10-19T17:00:00",
        "summaryActualDuration": null,
        "summaryActualStartDate": null,
        "summaryActualFinishDate": null,
        "summaryPlannedValueByCost": null,
        "summaryPerformancePercentCompleteByCost": null
    },
    {
        "objectId": 27948,
        "code": "WBS.2.3",
        "name": "Fabrication",
        "projectId": null,
        "projectObjectId": null,
        "parentObjectId": 27930,
        "projectType": "BASELINE_PROJECT",
        "startDate": "2021-03-16T08:00:00",
        "finishDate": "2021-10-22T17:00:00",
        "summaryActualDuration": null,
        "summaryActualStartDate": null,
        "summaryActualFinishDate": null,
        "summaryPlannedValueByCost": null,
        "summaryPerformancePercentCompleteByCost": null
    },
    {
        "objectId": 27993,
        "code": "WBS.2.3.1",
        "name": "Custody Metering House (6900-CMH-180)",
        "projectId": null,
        "projectObjectId": null,
        "parentObjectId": 27948,
        "projectType": "BASELINE_PROJECT",
        "startDate": "2021-03-16T08:00:00",
        "finishDate": "2021-05-20T17:00:00",
        "summaryActualDuration": null,
        "summaryActualStartDate": null,
        "summaryActualFinishDate": null,
        "summaryPlannedValueByCost": null,
        "summaryPerformancePercentCompleteByCost": null
    },
    {
        "objectId": 28040,
        "code": "WBS.2.3.1.1",
        "name": "Fabrication Document",
        "projectId": null,
        "projectObjectId": null,
        "parentObjectId": 27993,
        "projectType": "BASELINE_PROJECT",
        "startDate": "2021-03-16T08:00:00",
        "finishDate": "2021-04-09T17:00:00",
        "summaryActualDuration": null,
        "summaryActualStartDate": null,
        "summaryActualFinishDate": null,
        "summaryPlannedValueByCost": null,
        "summaryPerformancePercentCompleteByCost": null
    },
    {
        "objectId": 28041,
        "code": "WBS.2.3.1.2",
        "name": "Production (1 No)",
        "projectId": null,
        "projectObjectId": null,
        "parentObjectId": 27993,
        "projectType": "BASELINE_PROJECT",
        "startDate": "2021-03-31T08:00:00",
        "finishDate": "2021-05-20T17:00:00",
        "summaryActualDuration": null,
        "summaryActualStartDate": null,
        "summaryActualFinishDate": null,
        "summaryPlannedValueByCost": null,
        "summaryPerformancePercentCompleteByCost": null
    },
    {
        "objectId": 27994,
        "code": "WBS.2.3.2",
        "name": "Flow Computer Cabinet (2 Nos) & Mimic Diagram (2 Nos)",
        "projectId": null,
        "projectObjectId": null,
        "parentObjectId": 27948,
        "projectType": "BASELINE_PROJECT",
        "startDate": "2021-03-30T08:00:00",
        "finishDate": "2021-06-07T17:00:00",
        "summaryActualDuration": null,
        "summaryActualStartDate": null,
        "summaryActualFinishDate": null,
        "summaryPlannedValueByCost": null,
        "summaryPerformancePercentCompleteByCost": null
    },
    {
        "objectId": 27991,
        "code": "WBS.2.3.3",
        "name": "Flow Computer (6 Nos) & Supervisory System (2 Nos)",
        "projectId": null,
        "projectObjectId": null,
        "parentObjectId": 27948,
        "projectType": "BASELINE_PROJECT",
        "startDate": "2021-06-09T08:00:00",
        "finishDate": "2021-08-18T17:00:00",
        "summaryActualDuration": null,
        "summaryActualStartDate": null,
        "summaryActualFinishDate": null,
        "summaryPlannedValueByCost": null,
        "summaryPerformancePercentCompleteByCost": null
    },
    {
        "objectId": 27992,
        "code": "WBS.2.3.4",
        "name": "Instrumentation & Flow Meter (3 Tags)",
        "projectId": null,
        "projectObjectId": null,
        "parentObjectId": 27948,
        "projectType": "BASELINE_PROJECT",
        "startDate": "2021-10-20T08:00:00",
        "finishDate": "2021-10-22T17:00:00",
        "summaryActualDuration": null,
        "summaryActualStartDate": null,
        "summaryActualFinishDate": null,
        "summaryPlannedValueByCost": null,
        "summaryPerformancePercentCompleteByCost": null
    },
    {
        "objectId": 27947,
        "code": "WBS.2.4",
        "name": "Factory Acceptance Test (Client Witness)",
        "projectId": null,
        "projectObjectId": null,
        "parentObjectId": 27930,
        "projectType": "BASELINE_PROJECT",
        "startDate": "2021-04-30T08:00:00",
        "finishDate": "2021-11-01T17:00:00",
        "summaryActualDuration": null,
        "summaryActualStartDate": null,
        "summaryActualFinishDate": null,
        "summaryPlannedValueByCost": null,
        "summaryPerformancePercentCompleteByCost": null
    },
    {
        "objectId": 27989,
        "code": "WBS.2.4.2",
        "name": "FAT",
        "projectId": null,
        "projectObjectId": null,
        "parentObjectId": 27947,
        "projectType": "BASELINE_PROJECT",
        "startDate": "2021-04-30T08:00:00",
        "finishDate": "2021-09-30T17:00:00",
        "summaryActualDuration": null,
        "summaryActualStartDate": null,
        "summaryActualFinishDate": null,
        "summaryPlannedValueByCost": null,
        "summaryPerformancePercentCompleteByCost": null
    },
    {
        "objectId": 27990,
        "code": "WBS.2.4.1",
        "name": "Integration Test (IFAT)",
        "projectId": null,
        "projectObjectId": null,
        "parentObjectId": 27947,
        "projectType": "BASELINE_PROJECT",
        "startDate": "2021-10-01T08:00:00",
        "finishDate": "2021-11-01T17:00:00",
        "summaryActualDuration": null,
        "summaryActualStartDate": null,
        "summaryActualFinishDate": null,
        "summaryPlannedValueByCost": null,
        "summaryPerformancePercentCompleteByCost": null
    },
    {
        "objectId": 27944,
        "code": "WBS.2.5",
        "name": "Shipping & Final Doc",
        "projectId": null,
        "projectObjectId": null,
        "parentObjectId": 27930,
        "projectType": "BASELINE_PROJECT",
        "startDate": "2021-11-02T08:00:00",
        "finishDate": "2021-12-13T17:00:00",
        "summaryActualDuration": null,
        "summaryActualStartDate": null,
        "summaryActualFinishDate": null,
        "summaryPlannedValueByCost": null,
        "summaryPerformancePercentCompleteByCost": null
    },
    {
        "objectId": 27945,
        "code": "WBS.2.6",
        "name": "SAT (Actual Date Subject to Client Advise)",
        "projectId": null,
        "projectObjectId": null,
        "parentObjectId": 27930,
        "projectType": "BASELINE_PROJECT",
        "startDate": "2021-05-28T08:00:00",
        "finishDate": "2021-06-09T17:00:00",
        "summaryActualDuration": null,
        "summaryActualStartDate": null,
        "summaryActualFinishDate": null,
        "summaryPlannedValueByCost": null,
        "summaryPerformancePercentCompleteByCost": null
    },
    {
        "objectId": 27929,
        "code": "WBS.3",
        "name": "Batch 1",
        "projectId": null,
        "projectObjectId": null,
        "parentObjectId": null,
        "projectType": "BASELINE_PROJECT",
        "startDate": "2021-02-10T08:00:00",
        "finishDate": "2021-12-31T17:00:00",
        "summaryActualDuration": null,
        "summaryActualStartDate": null,
        "summaryActualFinishDate": null,
        "summaryPlannedValueByCost": null,
        "summaryPerformancePercentCompleteByCost": null
    },
    {
        "objectId": 27937,
        "code": "WBS.3.1",
        "name": "Engineering & Documentation",
        "projectId": null,
        "projectObjectId": null,
        "parentObjectId": 27929,
        "projectType": "BASELINE_PROJECT",
        "startDate": "2021-02-10T08:00:00",
        "finishDate": "2021-10-20T17:00:00",
        "summaryActualDuration": null,
        "summaryActualStartDate": null,
        "summaryActualFinishDate": null,
        "summaryPlannedValueByCost": null,
        "summaryPerformancePercentCompleteByCost": null
    },
    {
        "objectId": 27969,
        "code": "WBS.3.1.1",
        "name": "Custody Metering House (6900-CMH-802) (6750-FAR-420)",
        "projectId": null,
        "projectObjectId": null,
        "parentObjectId": 27937,
        "projectType": "BASELINE_PROJECT",
        "startDate": "2021-02-10T08:00:00",
        "finishDate": "2021-05-13T17:00:00",
        "summaryActualDuration": null,
        "summaryActualStartDate": null,
        "summaryActualFinishDate": null,
        "summaryPlannedValueByCost": null,
        "summaryPerformancePercentCompleteByCost": null
    },
    {
        "objectId": 27968,
        "code": "WBS.3.1.2",
        "name": "Flow Computer Cabinet (CMH 1 No + FAR 2 Nos) & Mimic Diagram (1 No)",
        "projectId": null,
        "projectObjectId": null,
        "parentObjectId": 27937,
        "projectType": "BASELINE_PROJECT",
        "startDate": "2021-02-17T08:00:00",
        "finishDate": "2021-06-17T17:00:00",
        "summaryActualDuration": null,
        "summaryActualStartDate": null,
        "summaryActualFinishDate": null,
        "summaryPlannedValueByCost": null,
        "summaryPerformancePercentCompleteByCost": null
    },
    {
        "objectId": 27967,
        "code": "WBS.3.1.3",
        "name": "Flow Computer (CMH 802 - 6 Nos + FAR 8 Nos) & Supervisory System (CMH 802 - 1 Nos + FAR 1 Nos)",
        "projectId": null,
        "projectObjectId": null,
        "parentObjectId": 27937,
        "projectType": "BASELINE_PROJECT",
        "startDate": "2021-03-03T08:00:00",
        "finishDate": "2021-07-13T17:00:00",
        "summaryActualDuration": null,
        "summaryActualStartDate": null,
        "summaryActualFinishDate": null,
        "summaryPlannedValueByCost": null,
        "summaryPerformancePercentCompleteByCost": null
    },
    {
        "objectId": 27970,
        "code": "WBS.3.1.4",
        "name": "Instrumentation & Flow Meter (CMH 802 - 5 Tags + FAR 420 - 13 Tags)",
        "projectId": null,
        "projectObjectId": null,
        "parentObjectId": 27937,
        "projectType": "BASELINE_PROJECT",
        "startDate": "2021-03-15T08:00:00",
        "finishDate": "2021-10-20T17:00:00",
        "summaryActualDuration": null,
        "summaryActualStartDate": null,
        "summaryActualFinishDate": null,
        "summaryPlannedValueByCost": null,
        "summaryPerformancePercentCompleteByCost": null
    },
    {
        "objectId": 27938,
        "code": "WBS.3.2",
        "name": "Procurement",
        "projectId": null,
        "projectObjectId": null,
        "parentObjectId": 27929,
        "projectType": "BASELINE_PROJECT",
        "startDate": "2021-02-17T08:00:00",
        "finishDate": "2021-11-09T17:00:00",
        "summaryActualDuration": null,
        "summaryActualStartDate": null,
        "summaryActualFinishDate": null,
        "summaryPlannedValueByCost": null,
        "summaryPerformancePercentCompleteByCost": null
    },
    {
        "objectId": 27972,
        "code": "WBS.3.2.1",
        "name": "Custody Metering House (6900-CMH-802) (6750-FAR-420)",
        "projectId": null,
        "projectObjectId": null,
        "parentObjectId": 27938,
        "projectType": "BASELINE_PROJECT",
        "startDate": "2021-02-17T08:00:00",
        "finishDate": "2021-08-25T17:00:00",
        "summaryActualDuration": null,
        "summaryActualStartDate": null,
        "summaryActualFinishDate": null,
        "summaryPlannedValueByCost": null,
        "summaryPerformancePercentCompleteByCost": null
    },
    {
        "objectId": 27974,
        "code": "WBS.3.2.2",
        "name": "Flow Computer Cabinet (CMH 1 No + FAR 2 Nos) & Mimic Diagram (1 No)",
        "projectId": null,
        "projectObjectId": null,
        "parentObjectId": 27938,
        "projectType": "BASELINE_PROJECT",
        "startDate": "2021-03-03T08:00:00",
        "finishDate": "2021-07-27T17:00:00",
        "summaryActualDuration": null,
        "summaryActualStartDate": null,
        "summaryActualFinishDate": null,
        "summaryPlannedValueByCost": null,
        "summaryPerformancePercentCompleteByCost": null
    },
    {
        "objectId": 27971,
        "code": "WBS.3.2.3",
        "name": "Flow Computer (CMH 802 - 6 Nos + FAR 8 Nos) & Supervisory System (CMH 802 - 1 Nos + FAR 1 Nos)",
        "projectId": null,
        "projectObjectId": null,
        "parentObjectId": 27938,
        "projectType": "BASELINE_PROJECT",
        "startDate": "2021-03-15T08:00:00",
        "finishDate": "2021-06-23T17:00:00",
        "summaryActualDuration": null,
        "summaryActualStartDate": null,
        "summaryActualFinishDate": null,
        "summaryPlannedValueByCost": null,
        "summaryPerformancePercentCompleteByCost": null
    },
    {
        "objectId": 27973,
        "code": "WBS.3.2.4",
        "name": "Instrumentation & Flow Meter (CMH 802 - 5 Tags + FAR 420 - 13 Tags)",
        "projectId": null,
        "projectObjectId": null,
        "parentObjectId": 27938,
        "projectType": "BASELINE_PROJECT",
        "startDate": "2021-03-29T08:00:00",
        "finishDate": "2021-11-09T17:00:00",
        "summaryActualDuration": null,
        "summaryActualStartDate": null,
        "summaryActualFinishDate": null,
        "summaryPlannedValueByCost": null,
        "summaryPerformancePercentCompleteByCost": null
    },
    {
        "objectId": 27940,
        "code": "WBS.3.3",
        "name": "Fabrication",
        "projectId": null,
        "projectObjectId": null,
        "parentObjectId": 27929,
        "projectType": "BASELINE_PROJECT",
        "startDate": "2021-03-25T08:00:00",
        "finishDate": "2021-11-22T17:00:00",
        "summaryActualDuration": null,
        "summaryActualStartDate": null,
        "summaryActualFinishDate": null,
        "summaryPlannedValueByCost": null,
        "summaryPerformancePercentCompleteByCost": null
    },
    {
        "objectId": 27976,
        "code": "WBS.3.3.1",
        "name": "Custody Metering House (6900-CMH-802) (6750-FAR-420)",
        "projectId": null,
        "projectObjectId": null,
        "parentObjectId": 27940,
        "projectType": "BASELINE_PROJECT",
        "startDate": "2021-03-25T08:00:00",
        "finishDate": "2021-08-16T17:00:00",
        "summaryActualDuration": null,
        "summaryActualStartDate": null,
        "summaryActualFinishDate": null,
        "summaryPlannedValueByCost": null,
        "summaryPerformancePercentCompleteByCost": null
    },
    {
        "objectId": 28039,
        "code": "WBS.3.3.1.1",
        "name": "Fabrication Document",
        "projectId": null,
        "projectObjectId": null,
        "parentObjectId": 27976,
        "projectType": "BASELINE_PROJECT",
        "startDate": "2021-03-25T08:00:00",
        "finishDate": "2021-04-22T17:00:00",
        "summaryActualDuration": null,
        "summaryActualStartDate": null,
        "summaryActualFinishDate": null,
        "summaryPlannedValueByCost": null,
        "summaryPerformancePercentCompleteByCost": null
    },
    {
        "objectId": 28038,
        "code": "WBS.3.3.1.2",
        "name": "Production (1 No)",
        "projectId": null,
        "projectObjectId": null,
        "parentObjectId": 27976,
        "projectType": "BASELINE_PROJECT",
        "startDate": "2021-04-23T08:00:00",
        "finishDate": "2021-08-16T17:00:00",
        "summaryActualDuration": null,
        "summaryActualStartDate": null,
        "summaryActualFinishDate": null,
        "summaryPlannedValueByCost": null,
        "summaryPerformancePercentCompleteByCost": null
    },
    {
        "objectId": 27977,
        "code": "WBS.3.3.2",
        "name": "Flow Computer Cabinet (CMH 1 No + FAR 2 Nos) & Mimic Diagram (1 No)",
        "projectId": null,
        "projectObjectId": null,
        "parentObjectId": 27940,
        "projectType": "BASELINE_PROJECT",
        "startDate": "2021-06-18T08:00:00",
        "finishDate": "2021-09-23T17:00:00",
        "summaryActualDuration": null,
        "summaryActualStartDate": null,
        "summaryActualFinishDate": null,
        "summaryPlannedValueByCost": null,
        "summaryPerformancePercentCompleteByCost": null
    },
    {
        "objectId": 27978,
        "code": "WBS.3.3.3",
        "name": "Flow Computer (CMH 802 - 6 Nos + FAR 8 Nos) & Supervisory System (CMH 802 - 1 Nos + FAR 1 Nos)",
        "projectId": null,
        "projectObjectId": null,
        "parentObjectId": 27940,
        "projectType": "BASELINE_PROJECT",
        "startDate": "2021-07-01T08:00:00",
        "finishDate": "2021-09-23T17:00:00",
        "summaryActualDuration": null,
        "summaryActualStartDate": null,
        "summaryActualFinishDate": null,
        "summaryPlannedValueByCost": null,
        "summaryPerformancePercentCompleteByCost": null
    },
    {
        "objectId": 27975,
        "code": "WBS.3.3.4",
        "name": "Instrumentation & Flow Meter (CMH 802 - 5 Tags + FAR 420 - 13 Tags)",
        "projectId": null,
        "projectObjectId": null,
        "parentObjectId": 27940,
        "projectType": "BASELINE_PROJECT",
        "startDate": "2021-11-10T08:00:00",
        "finishDate": "2021-11-22T17:00:00",
        "summaryActualDuration": null,
        "summaryActualStartDate": null,
        "summaryActualFinishDate": null,
        "summaryPlannedValueByCost": null,
        "summaryPerformancePercentCompleteByCost": null
    },
    {
        "objectId": 27941,
        "code": "WBS.3.4",
        "name": "Factory Acceptance Test (Client Witness)",
        "projectId": null,
        "projectObjectId": null,
        "parentObjectId": 27929,
        "projectType": "BASELINE_PROJECT",
        "startDate": "2021-07-27T08:00:00",
        "finishDate": "2021-11-29T17:00:00",
        "summaryActualDuration": null,
        "summaryActualStartDate": null,
        "summaryActualFinishDate": null,
        "summaryPlannedValueByCost": null,
        "summaryPerformancePercentCompleteByCost": null
    },
    {
        "objectId": 27980,
        "code": "WBS.3.4.2",
        "name": "FAT",
        "projectId": null,
        "projectObjectId": null,
        "parentObjectId": 27941,
        "projectType": "BASELINE_PROJECT",
        "startDate": "2021-07-27T08:00:00",
        "finishDate": "2021-10-25T17:00:00",
        "summaryActualDuration": null,
        "summaryActualStartDate": null,
        "summaryActualFinishDate": null,
        "summaryPlannedValueByCost": null,
        "summaryPerformancePercentCompleteByCost": null
    },
    {
        "objectId": 27979,
        "code": "WBS.3.4.1",
        "name": "Integration Test (IFAT)",
        "projectId": null,
        "projectObjectId": null,
        "parentObjectId": 27941,
        "projectType": "BASELINE_PROJECT",
        "startDate": "2021-10-26T08:00:00",
        "finishDate": "2021-11-29T17:00:00",
        "summaryActualDuration": null,
        "summaryActualStartDate": null,
        "summaryActualFinishDate": null,
        "summaryPlannedValueByCost": null,
        "summaryPerformancePercentCompleteByCost": null
    },
    {
        "objectId": 27942,
        "code": "WBS.3.5",
        "name": "Shipping & Final Doc",
        "projectId": null,
        "projectObjectId": null,
        "parentObjectId": 27929,
        "projectType": "BASELINE_PROJECT",
        "startDate": "2021-11-30T08:00:00",
        "finishDate": "2021-12-31T17:00:00",
        "summaryActualDuration": null,
        "summaryActualStartDate": null,
        "summaryActualFinishDate": null,
        "summaryPlannedValueByCost": null,
        "summaryPerformancePercentCompleteByCost": null
    },
    {
        "objectId": 27939,
        "code": "WBS.3.6",
        "name": "SAT (Actual Date Subject to Client Advise)",
        "projectId": null,
        "projectObjectId": null,
        "parentObjectId": 27929,
        "projectType": "BASELINE_PROJECT",
        "startDate": "2021-12-14T08:00:00",
        "finishDate": "2021-12-24T17:00:00",
        "summaryActualDuration": null,
        "summaryActualStartDate": null,
        "summaryActualFinishDate": null,
        "summaryPlannedValueByCost": null,
        "summaryPerformancePercentCompleteByCost": null
    },
    {
        "objectId": 27933,
        "code": "WBS.4",
        "name": "Batch 2",
        "projectId": null,
        "projectObjectId": null,
        "parentObjectId": null,
        "projectType": "BASELINE_PROJECT",
        "startDate": "2021-03-26T08:00:00",
        "finishDate": "2022-03-08T17:00:00",
        "summaryActualDuration": null,
        "summaryActualStartDate": null,
        "summaryActualFinishDate": null,
        "summaryPlannedValueByCost": null,
        "summaryPerformancePercentCompleteByCost": null
    },
    {
        "objectId": 27955,
        "code": "WBS.4.1",
        "name": "Engineering & Documentation",
        "projectId": null,
        "projectObjectId": null,
        "parentObjectId": 27933,
        "projectType": "BASELINE_PROJECT",
        "startDate": "2021-03-26T08:00:00",
        "finishDate": "2021-10-25T17:00:00",
        "summaryActualDuration": null,
        "summaryActualStartDate": null,
        "summaryActualFinishDate": null,
        "summaryPlannedValueByCost": null,
        "summaryPerformancePercentCompleteByCost": null
    },
    {
        "objectId": 28010,
        "code": "WBS.4.1.1",
        "name": "Custody Metering House (6900-CMH-801)",
        "projectId": null,
        "projectObjectId": null,
        "parentObjectId": 27955,
        "projectType": "BASELINE_PROJECT",
        "startDate": "2021-03-26T08:00:00",
        "finishDate": "2021-07-06T17:00:00",
        "summaryActualDuration": null,
        "summaryActualStartDate": null,
        "summaryActualFinishDate": null,
        "summaryPlannedValueByCost": null,
        "summaryPerformancePercentCompleteByCost": null
    },
    {
        "objectId": 28011,
        "code": "WBS.4.1.2",
        "name": "Flow Computer Cabinet (CMH 1 No) & Mimic Diagram (1 No)",
        "projectId": null,
        "projectObjectId": null,
        "parentObjectId": 27955,
        "projectType": "BASELINE_PROJECT",
        "startDate": "2021-04-09T08:00:00",
        "finishDate": "2021-07-16T17:00:00",
        "summaryActualDuration": null,
        "summaryActualStartDate": null,
        "summaryActualFinishDate": null,
        "summaryPlannedValueByCost": null,
        "summaryPerformancePercentCompleteByCost": null
    },
    {
        "objectId": 28012,
        "code": "WBS.4.1.3",
        "name": "Flow Computer (CMH - 4 Nos) & Supervisory System (CMH - 1 Nos)",
        "projectId": null,
        "projectObjectId": null,
        "parentObjectId": 27955,
        "projectType": "BASELINE_PROJECT",
        "startDate": "2021-03-26T08:00:00",
        "finishDate": "2021-07-29T17:00:00",
        "summaryActualDuration": null,
        "summaryActualStartDate": null,
        "summaryActualFinishDate": null,
        "summaryPlannedValueByCost": null,
        "summaryPerformancePercentCompleteByCost": null
    },
    {
        "objectId": 28009,
        "code": "WBS.4.1.4",
        "name": "Instrumentation & Flow Meter (CMH 801 - 2 Tags)",
        "projectId": null,
        "projectObjectId": null,
        "parentObjectId": 27955,
        "projectType": "BASELINE_PROJECT",
        "startDate": "2021-03-26T08:00:00",
        "finishDate": "2021-10-25T17:00:00",
        "summaryActualDuration": null,
        "summaryActualStartDate": null,
        "summaryActualFinishDate": null,
        "summaryPlannedValueByCost": null,
        "summaryPerformancePercentCompleteByCost": null
    },
    {
        "objectId": 27959,
        "code": "WBS.4.2",
        "name": "Procurement",
        "projectId": null,
        "projectObjectId": null,
        "parentObjectId": 27933,
        "projectType": "BASELINE_PROJECT",
        "startDate": "2021-04-09T08:00:00",
        "finishDate": "2022-01-25T17:00:00",
        "summaryActualDuration": null,
        "summaryActualStartDate": null,
        "summaryActualFinishDate": null,
        "summaryPlannedValueByCost": null,
        "summaryPerformancePercentCompleteByCost": null
    },
    {
        "objectId": 28020,
        "code": "WBS.4.2.1",
        "name": "Custody Metering House (6900-CMH-801)",
        "projectId": null,
        "projectObjectId": null,
        "parentObjectId": 27959,
        "projectType": "BASELINE_PROJECT",
        "startDate": "2021-06-16T08:00:00",
        "finishDate": "2021-11-29T17:00:00",
        "summaryActualDuration": null,
        "summaryActualStartDate": null,
        "summaryActualFinishDate": null,
        "summaryPlannedValueByCost": null,
        "summaryPerformancePercentCompleteByCost": null
    },
    {
        "objectId": 28018,
        "code": "WBS.4.2.2",
        "name": "Flow Computer Cabinet (CMH - 1 No) & Mimic Diagram (1 No)",
        "projectId": null,
        "projectObjectId": null,
        "parentObjectId": 27959,
        "projectType": "BASELINE_PROJECT",
        "startDate": "2021-04-23T08:00:00",
        "finishDate": "2021-09-14T17:00:00",
        "summaryActualDuration": null,
        "summaryActualStartDate": null,
        "summaryActualFinishDate": null,
        "summaryPlannedValueByCost": null,
        "summaryPerformancePercentCompleteByCost": null
    },
    {
        "objectId": 28019,
        "code": "WBS.4.2.3",
        "name": "Flow Computer (CMH - 4 Nos) & Supervisory System (CMH - 1 Nos)",
        "projectId": null,
        "projectObjectId": null,
        "parentObjectId": 27959,
        "projectType": "BASELINE_PROJECT",
        "startDate": "2021-04-09T08:00:00",
        "finishDate": "2021-07-15T17:00:00",
        "summaryActualDuration": null,
        "summaryActualStartDate": null,
        "summaryActualFinishDate": null,
        "summaryPlannedValueByCost": null,
        "summaryPerformancePercentCompleteByCost": null
    },
    {
        "objectId": 28017,
        "code": "WBS.4.2.4",
        "name": "Instrumentation & Flow Meter (CMH - 2 Tags)",
        "projectId": null,
        "projectObjectId": null,
        "parentObjectId": 27959,
        "projectType": "BASELINE_PROJECT",
        "startDate": "2021-08-06T08:00:00",
        "finishDate": "2022-01-25T17:00:00",
        "summaryActualDuration": null,
        "summaryActualStartDate": null,
        "summaryActualFinishDate": null,
        "summaryPlannedValueByCost": null,
        "summaryPerformancePercentCompleteByCost": null
    },
    {
        "objectId": 27956,
        "code": "WBS.4.3",
        "name": "Fabrication",
        "projectId": null,
        "projectObjectId": null,
        "parentObjectId": 27933,
        "projectType": "BASELINE_PROJECT",
        "startDate": "2021-07-07T08:00:00",
        "finishDate": "2022-02-01T17:00:00",
        "summaryActualDuration": null,
        "summaryActualStartDate": null,
        "summaryActualFinishDate": null,
        "summaryPlannedValueByCost": null,
        "summaryPerformancePercentCompleteByCost": null
    },
    {
        "objectId": 28015,
        "code": "WBS.4.3.1",
        "name": "Custody Metering House (6900-CMH-180/802) (6750-FAR-420)",
        "projectId": null,
        "projectObjectId": null,
        "parentObjectId": 27956,
        "projectType": "BASELINE_PROJECT",
        "startDate": "2021-07-07T08:00:00",
        "finishDate": "2021-11-03T17:00:00",
        "summaryActualDuration": null,
        "summaryActualStartDate": null,
        "summaryActualFinishDate": null,
        "summaryPlannedValueByCost": null,
        "summaryPerformancePercentCompleteByCost": null
    },
    {
        "objectId": 28043,
        "code": "WBS.4.3.1.1",
        "name": "Production (1 No)",
        "projectId": null,
        "projectObjectId": null,
        "parentObjectId": 28015,
        "projectType": "BASELINE_PROJECT",
        "startDate": "2021-07-07T08:00:00",
        "finishDate": "2021-11-03T17:00:00",
        "summaryActualDuration": null,
        "summaryActualStartDate": null,
        "summaryActualFinishDate": null,
        "summaryPlannedValueByCost": null,
        "summaryPerformancePercentCompleteByCost": null
    },
    {
        "objectId": 28016,
        "code": "WBS.4.3.2",
        "name": "Flow Computer Cabinet (CMH - 1 No) & Mimic Diagram (1 No)",
        "projectId": null,
        "projectObjectId": null,
        "parentObjectId": 27956,
        "projectType": "BASELINE_PROJECT",
        "startDate": "2021-08-16T08:00:00",
        "finishDate": "2021-11-10T17:00:00",
        "summaryActualDuration": null,
        "summaryActualStartDate": null,
        "summaryActualFinishDate": null,
        "summaryPlannedValueByCost": null,
        "summaryPerformancePercentCompleteByCost": null
    },
    {
        "objectId": 28013,
        "code": "WBS.4.3.3",
        "name": "Flow Computer (CMH - 4 Nos) & Supervisory System (CMH - 1 Nos)",
        "projectId": null,
        "projectObjectId": null,
        "parentObjectId": 27956,
        "projectType": "BASELINE_PROJECT",
        "startDate": "2021-08-16T08:00:00",
        "finishDate": "2021-11-09T17:00:00",
        "summaryActualDuration": null,
        "summaryActualStartDate": null,
        "summaryActualFinishDate": null,
        "summaryPlannedValueByCost": null,
        "summaryPerformancePercentCompleteByCost": null
    },
    {
        "objectId": 28014,
        "code": "WBS.4.3.4",
        "name": "Instrumentation & Flow Meter (CMH - 2 Tags)",
        "projectId": null,
        "projectObjectId": null,
        "parentObjectId": 27956,
        "projectType": "BASELINE_PROJECT",
        "startDate": "2022-01-26T08:00:00",
        "finishDate": "2022-02-01T17:00:00",
        "summaryActualDuration": null,
        "summaryActualStartDate": null,
        "summaryActualFinishDate": null,
        "summaryPlannedValueByCost": null,
        "summaryPerformancePercentCompleteByCost": null
    },
    {
        "objectId": 27960,
        "code": "WBS.4.4",
        "name": "Factory Acceptance Test (Client Witness)",
        "projectId": null,
        "projectObjectId": null,
        "parentObjectId": 27933,
        "projectType": "BASELINE_PROJECT",
        "startDate": "2021-10-14T08:00:00",
        "finishDate": "2022-01-28T17:00:00",
        "summaryActualDuration": null,
        "summaryActualStartDate": null,
        "summaryActualFinishDate": null,
        "summaryPlannedValueByCost": null,
        "summaryPerformancePercentCompleteByCost": null
    },
    {
        "objectId": 28022,
        "code": "WBS.4.4.2",
        "name": "FAT",
        "projectId": null,
        "projectObjectId": null,
        "parentObjectId": 27960,
        "projectType": "BASELINE_PROJECT",
        "startDate": "2021-10-14T08:00:00",
        "finishDate": "2021-12-21T17:00:00",
        "summaryActualDuration": null,
        "summaryActualStartDate": null,
        "summaryActualFinishDate": null,
        "summaryPlannedValueByCost": null,
        "summaryPerformancePercentCompleteByCost": null
    },
    {
        "objectId": 28021,
        "code": "WBS.4.4.1",
        "name": "Integration Test (IFAT)",
        "projectId": null,
        "projectObjectId": null,
        "parentObjectId": 27960,
        "projectType": "BASELINE_PROJECT",
        "startDate": "2021-12-22T08:00:00",
        "finishDate": "2022-01-28T17:00:00",
        "summaryActualDuration": null,
        "summaryActualStartDate": null,
        "summaryActualFinishDate": null,
        "summaryPlannedValueByCost": null,
        "summaryPerformancePercentCompleteByCost": null
    },
    {
        "objectId": 27957,
        "code": "WBS.4.5",
        "name": "Shipping & Final Doc",
        "projectId": null,
        "projectObjectId": null,
        "parentObjectId": 27933,
        "projectType": "BASELINE_PROJECT",
        "startDate": "2022-02-02T08:00:00",
        "finishDate": "2022-03-08T17:00:00",
        "summaryActualDuration": null,
        "summaryActualStartDate": null,
        "summaryActualFinishDate": null,
        "summaryPlannedValueByCost": null,
        "summaryPerformancePercentCompleteByCost": null
    },
    {
        "objectId": 27958,
        "code": "WBS.4.6",
        "name": "SAT (Actual Date Subject to Client Advise)",
        "projectId": null,
        "projectObjectId": null,
        "parentObjectId": 27933,
        "projectType": "BASELINE_PROJECT",
        "startDate": "2022-02-16T08:00:00",
        "finishDate": "2022-03-01T17:00:00",
        "summaryActualDuration": null,
        "summaryActualStartDate": null,
        "summaryActualFinishDate": null,
        "summaryPlannedValueByCost": null,
        "summaryPerformancePercentCompleteByCost": null
    },
    {
        "objectId": 27931,
        "code": "WBS.5",
        "name": "Batch 3",
        "projectId": null,
        "projectObjectId": null,
        "parentObjectId": null,
        "projectType": "BASELINE_PROJECT",
        "startDate": "2021-04-27T08:00:00",
        "finishDate": "2022-03-08T17:00:00",
        "summaryActualDuration": null,
        "summaryActualStartDate": null,
        "summaryActualFinishDate": null,
        "summaryPlannedValueByCost": null,
        "summaryPerformancePercentCompleteByCost": null
    },
    {
        "objectId": 27950,
        "code": "WBS.5.1",
        "name": "Engineering & Documentation",
        "projectId": null,
        "projectObjectId": null,
        "parentObjectId": 27931,
        "projectType": "BASELINE_PROJECT",
        "startDate": "2021-04-27T08:00:00",
        "finishDate": "2022-01-28T17:00:00",
        "summaryActualDuration": null,
        "summaryActualStartDate": null,
        "summaryActualFinishDate": null,
        "summaryPlannedValueByCost": null,
        "summaryPerformancePercentCompleteByCost": null
    },
    {
        "objectId": 27995,
        "code": "WBS.5.1.1",
        "name": "Custody Metering House (3900-CMH-440), (6850-SUB-473)",
        "projectId": null,
        "projectObjectId": null,
        "parentObjectId": 27950,
        "projectType": "BASELINE_PROJECT",
        "startDate": "2021-04-27T08:00:00",
        "finishDate": "2021-07-12T17:00:00",
        "summaryActualDuration": null,
        "summaryActualStartDate": null,
        "summaryActualFinishDate": null,
        "summaryPlannedValueByCost": null,
        "summaryPerformancePercentCompleteByCost": null
    },
    {
        "objectId": 28037,
        "code": "WBS.5.1.5",
        "name": "Custody Metering House (3900-CMH-128) (TBC)",
        "projectId": null,
        "projectObjectId": null,
        "parentObjectId": 27950,
        "projectType": "BASELINE_PROJECT",
        "startDate": "2021-04-27T08:00:00",
        "finishDate": "2021-07-12T17:00:00",
        "summaryActualDuration": null,
        "summaryActualStartDate": null,
        "summaryActualFinishDate": null,
        "summaryPlannedValueByCost": null,
        "summaryPerformancePercentCompleteByCost": null
    },
    {
        "objectId": 27996,
        "code": "WBS.5.1.2",
        "name": "Flow Computer Cabinet (CMH - 7 Nos + SUB - 2 Nos) & Mimic Diagram (5 Nos)",
        "projectId": null,
        "projectObjectId": null,
        "parentObjectId": 27950,
        "projectType": "BASELINE_PROJECT",
        "startDate": "2021-05-14T08:00:00",
        "finishDate": "2021-10-06T17:00:00",
        "summaryActualDuration": null,
        "summaryActualStartDate": null,
        "summaryActualFinishDate": null,
        "summaryPlannedValueByCost": null,
        "summaryPerformancePercentCompleteByCost": null
    },
    {
        "objectId": 27998,
        "code": "WBS.5.1.3",
        "name": "Flow Computer (CMH - 21 Nos + SUB - 8 Nos) & Supervisory System (CMH - 5 Nos + SUB - 1 Nos)",
        "projectId": null,
        "projectObjectId": null,
        "parentObjectId": 27950,
        "projectType": "BASELINE_PROJECT",
        "startDate": "2021-05-11T08:00:00",
        "finishDate": "2021-09-17T17:00:00",
        "summaryActualDuration": null,
        "summaryActualStartDate": null,
        "summaryActualFinishDate": null,
        "summaryPlannedValueByCost": null,
        "summaryPerformancePercentCompleteByCost": null
    },
    {
        "objectId": 27997,
        "code": "WBS.5.1.4",
        "name": "Instrumentation & Flow Meter (CMH  - 22 Tags + SUB - 7 Tags)",
        "projectId": null,
        "projectObjectId": null,
        "parentObjectId": 27950,
        "projectType": "BASELINE_PROJECT",
        "startDate": "2021-05-11T08:00:00",
        "finishDate": "2022-01-28T17:00:00",
        "summaryActualDuration": null,
        "summaryActualStartDate": null,
        "summaryActualFinishDate": null,
        "summaryPlannedValueByCost": null,
        "summaryPerformancePercentCompleteByCost": null
    },
    {
        "objectId": 27952,
        "code": "WBS.5.2",
        "name": "Procurement",
        "projectId": null,
        "projectObjectId": null,
        "parentObjectId": 27931,
        "projectType": "BASELINE_PROJECT",
        "startDate": "2021-05-11T08:00:00",
        "finishDate": "2021-12-06T17:00:00",
        "summaryActualDuration": null,
        "summaryActualStartDate": null,
        "summaryActualFinishDate": null,
        "summaryPlannedValueByCost": null,
        "summaryPerformancePercentCompleteByCost": null
    },
    {
        "objectId": 27999,
        "code": "WBS.5.2.1",
        "name": "Custody Metering House (3900-CMH-440)",
        "projectId": null,
        "projectObjectId": null,
        "parentObjectId": 27952,
        "projectType": "BASELINE_PROJECT",
        "startDate": "2021-05-11T08:00:00",
        "finishDate": "2021-12-06T17:00:00",
        "summaryActualDuration": null,
        "summaryActualStartDate": null,
        "summaryActualFinishDate": null,
        "summaryPlannedValueByCost": null,
        "summaryPerformancePercentCompleteByCost": null
    },
    {
        "objectId": 28001,
        "code": "WBS.5.2.2",
        "name": "Flow Computer Cabinet (CMH - 7 Nos + SUB - 2 Nos) & Mimic Diagram (5 Nos)",
        "projectId": null,
        "projectObjectId": null,
        "parentObjectId": 27952,
        "projectType": "BASELINE_PROJECT",
        "startDate": "2021-06-08T08:00:00",
        "finishDate": "2021-10-28T17:00:00",
        "summaryActualDuration": null,
        "summaryActualStartDate": null,
        "summaryActualFinishDate": null,
        "summaryPlannedValueByCost": null,
        "summaryPerformancePercentCompleteByCost": null
    },
    {
        "objectId": 28002,
        "code": "WBS.5.2.3",
        "name": "Flow Computer (CMH - 21 Nos + SUB - 8 Nos) & Supervisory System (CMH - 10 Nos + SUB - 2 Nos)",
        "projectId": null,
        "projectObjectId": null,
        "parentObjectId": 27952,
        "projectType": "BASELINE_PROJECT",
        "startDate": "2021-05-25T08:00:00",
        "finishDate": "2021-08-30T17:00:00",
        "summaryActualDuration": null,
        "summaryActualStartDate": null,
        "summaryActualFinishDate": null,
        "summaryPlannedValueByCost": null,
        "summaryPerformancePercentCompleteByCost": null
    },
    {
        "objectId": 28000,
        "code": "WBS.5.2.4",
        "name": "Instrumentation & Flow Meter (CMH  - 22 Tags + SUB - 7 Tags)",
        "projectId": null,
        "projectObjectId": null,
        "parentObjectId": 27952,
        "projectType": "BASELINE_PROJECT",
        "startDate": "2021-05-25T08:00:00",
        "finishDate": "2021-10-01T17:00:00",
        "summaryActualDuration": null,
        "summaryActualStartDate": null,
        "summaryActualFinishDate": null,
        "summaryPlannedValueByCost": null,
        "summaryPerformancePercentCompleteByCost": null
    },
    {
        "objectId": 27954,
        "code": "WBS.5.3",
        "name": "Fabrication",
        "projectId": null,
        "projectObjectId": null,
        "parentObjectId": 27931,
        "projectType": "BASELINE_PROJECT",
        "startDate": "2021-07-13T08:00:00",
        "finishDate": "2021-11-25T17:00:00",
        "summaryActualDuration": null,
        "summaryActualStartDate": null,
        "summaryActualFinishDate": null,
        "summaryPlannedValueByCost": null,
        "summaryPerformancePercentCompleteByCost": null
    },
    {
        "objectId": 28005,
        "code": "WBS.5.3.1",
        "name": "Custody Metering House (6900-CMH-180/802) (6750-FAR-420)",
        "projectId": null,
        "projectObjectId": null,
        "parentObjectId": 27954,
        "projectType": "BASELINE_PROJECT",
        "startDate": "2021-07-13T08:00:00",
        "finishDate": "2021-11-16T17:00:00",
        "summaryActualDuration": null,
        "summaryActualStartDate": null,
        "summaryActualFinishDate": null,
        "summaryPlannedValueByCost": null,
        "summaryPerformancePercentCompleteByCost": null
    },
    {
        "objectId": 28042,
        "code": "WBS.5.3.1.1",
        "name": "Production (2 Nos)",
        "projectId": null,
        "projectObjectId": null,
        "parentObjectId": 28005,
        "projectType": "BASELINE_PROJECT",
        "startDate": "2021-07-13T08:00:00",
        "finishDate": "2021-11-16T17:00:00",
        "summaryActualDuration": null,
        "summaryActualStartDate": null,
        "summaryActualFinishDate": null,
        "summaryPlannedValueByCost": null,
        "summaryPerformancePercentCompleteByCost": null
    },
    {
        "objectId": 28008,
        "code": "WBS.5.3.2",
        "name": "Flow Computer Cabinet (CMH - 7 Nos + SUB - 2 Nos) & Mimic Diagram (5 Nos)",
        "projectId": null,
        "projectObjectId": null,
        "parentObjectId": 27954,
        "projectType": "BASELINE_PROJECT",
        "startDate": "2021-07-15T08:00:00",
        "finishDate": "2021-10-26T17:00:00",
        "summaryActualDuration": null,
        "summaryActualStartDate": null,
        "summaryActualFinishDate": null,
        "summaryPlannedValueByCost": null,
        "summaryPerformancePercentCompleteByCost": null
    },
    {
        "objectId": 28006,
        "code": "WBS.5.3.3",
        "name": "Flow Computer (CMH - 21 Nos + SUB - 8 Nos) & Supervisory System (CMH - 10 Nos + SUB - 2 Nos)",
        "projectId": null,
        "projectObjectId": null,
        "parentObjectId": 27954,
        "projectType": "BASELINE_PROJECT",
        "startDate": "2021-09-06T08:00:00",
        "finishDate": "2021-11-25T17:00:00",
        "summaryActualDuration": null,
        "summaryActualStartDate": null,
        "summaryActualFinishDate": null,
        "summaryPlannedValueByCost": null,
        "summaryPerformancePercentCompleteByCost": null
    },
    {
        "objectId": 28007,
        "code": "WBS.5.3.4",
        "name": "Instrumentation & Flow Meter (CMH  - 22 Tags + SUB - 7 Tags)",
        "projectId": null,
        "projectObjectId": null,
        "parentObjectId": 27954,
        "projectType": "BASELINE_PROJECT",
        "startDate": "2021-10-04T08:00:00",
        "finishDate": "2021-10-08T17:00:00",
        "summaryActualDuration": null,
        "summaryActualStartDate": null,
        "summaryActualFinishDate": null,
        "summaryPlannedValueByCost": null,
        "summaryPerformancePercentCompleteByCost": null
    },
    {
        "objectId": 27953,
        "code": "WBS.5.4",
        "name": "Factory Acceptance Test (Client Witness)",
        "projectId": null,
        "projectObjectId": null,
        "parentObjectId": 27931,
        "projectType": "BASELINE_PROJECT",
        "startDate": "2021-10-27T08:00:00",
        "finishDate": "2022-02-01T17:00:00",
        "summaryActualDuration": null,
        "summaryActualStartDate": null,
        "summaryActualFinishDate": null,
        "summaryPlannedValueByCost": null,
        "summaryPerformancePercentCompleteByCost": null
    },
    {
        "objectId": 28004,
        "code": "WBS.5.4.2",
        "name": "FAT",
        "projectId": null,
        "projectObjectId": null,
        "parentObjectId": 27953,
        "projectType": "BASELINE_PROJECT",
        "startDate": "2021-10-27T08:00:00",
        "finishDate": "2021-12-30T17:00:00",
        "summaryActualDuration": null,
        "summaryActualStartDate": null,
        "summaryActualFinishDate": null,
        "summaryPlannedValueByCost": null,
        "summaryPerformancePercentCompleteByCost": null
    },
    {
        "objectId": 28003,
        "code": "WBS.5.4.1",
        "name": "Integration Test (IFAT)",
        "projectId": null,
        "projectObjectId": null,
        "parentObjectId": 27953,
        "projectType": "BASELINE_PROJECT",
        "startDate": "2021-12-31T08:00:00",
        "finishDate": "2022-02-01T17:00:00",
        "summaryActualDuration": null,
        "summaryActualStartDate": null,
        "summaryActualFinishDate": null,
        "summaryPlannedValueByCost": null,
        "summaryPerformancePercentCompleteByCost": null
    },
    {
        "objectId": 27951,
        "code": "WBS.5.5",
        "name": "Shipping & Final Doc",
        "projectId": null,
        "projectObjectId": null,
        "parentObjectId": 27931,
        "projectType": "BASELINE_PROJECT",
        "startDate": "2022-02-02T08:00:00",
        "finishDate": "2022-03-08T17:00:00",
        "summaryActualDuration": null,
        "summaryActualStartDate": null,
        "summaryActualFinishDate": null,
        "summaryPlannedValueByCost": null,
        "summaryPerformancePercentCompleteByCost": null
    },
    {
        "objectId": 27949,
        "code": "WBS.5.6",
        "name": "SAT (Actual Date Subject to Client Advise)",
        "projectId": null,
        "projectObjectId": null,
        "parentObjectId": 27931,
        "projectType": "BASELINE_PROJECT",
        "startDate": "2022-02-16T08:00:00",
        "finishDate": "2022-03-01T17:00:00",
        "summaryActualDuration": null,
        "summaryActualStartDate": null,
        "summaryActualFinishDate": null,
        "summaryPlannedValueByCost": null,
        "summaryPerformancePercentCompleteByCost": null
    },
    {
        "objectId": 27934,
        "code": "WBS.6",
        "name": "Batch 4",
        "projectId": null,
        "projectObjectId": null,
        "parentObjectId": null,
        "projectType": "BASELINE_PROJECT",
        "startDate": "2021-06-23T08:00:00",
        "finishDate": "2022-05-05T17:00:00",
        "summaryActualDuration": null,
        "summaryActualStartDate": null,
        "summaryActualFinishDate": null,
        "summaryPlannedValueByCost": null,
        "summaryPerformancePercentCompleteByCost": null
    },
    {
        "objectId": 27963,
        "code": "WBS.6.1",
        "name": "Engineering & Documentation",
        "projectId": null,
        "projectObjectId": null,
        "parentObjectId": 27934,
        "projectType": "BASELINE_PROJECT",
        "startDate": "2021-06-23T08:00:00",
        "finishDate": "2022-02-14T17:00:00",
        "summaryActualDuration": null,
        "summaryActualStartDate": null,
        "summaryActualFinishDate": null,
        "summaryPlannedValueByCost": null,
        "summaryPerformancePercentCompleteByCost": null
    },
    {
        "objectId": 28030,
        "code": "WBS.6.1.1",
        "name": "Custody Metering House (3900-CMH-680)",
        "projectId": null,
        "projectObjectId": null,
        "parentObjectId": 27963,
        "projectType": "BASELINE_PROJECT",
        "startDate": "2021-06-23T08:00:00",
        "finishDate": "2021-10-15T17:00:00",
        "summaryActualDuration": null,
        "summaryActualStartDate": null,
        "summaryActualFinishDate": null,
        "summaryPlannedValueByCost": null,
        "summaryPerformancePercentCompleteByCost": null
    },
    {
        "objectId": 28028,
        "code": "WBS.6.1.2",
        "name": "Flow Computer Cabinet (2 Nos) & Mimic Diagram (2 Nos)",
        "projectId": null,
        "projectObjectId": null,
        "parentObjectId": 27963,
        "projectType": "BASELINE_PROJECT",
        "startDate": "2021-06-23T08:00:00",
        "finishDate": "2021-09-14T17:00:00",
        "summaryActualDuration": null,
        "summaryActualStartDate": null,
        "summaryActualFinishDate": null,
        "summaryPlannedValueByCost": null,
        "summaryPerformancePercentCompleteByCost": null
    },
    {
        "objectId": 28027,
        "code": "WBS.6.1.3",
        "name": "Flow Computer (10 Nos) & Supervisory System (2 Nos)",
        "projectId": null,
        "projectObjectId": null,
        "parentObjectId": 27963,
        "projectType": "BASELINE_PROJECT",
        "startDate": "2021-06-23T08:00:00",
        "finishDate": "2021-11-04T17:00:00",
        "summaryActualDuration": null,
        "summaryActualStartDate": null,
        "summaryActualFinishDate": null,
        "summaryPlannedValueByCost": null,
        "summaryPerformancePercentCompleteByCost": null
    },
    {
        "objectId": 28029,
        "code": "WBS.6.1.4",
        "name": "Instrumentation & Flow Meter (8 Tags)",
        "projectId": null,
        "projectObjectId": null,
        "parentObjectId": 27963,
        "projectType": "BASELINE_PROJECT",
        "startDate": "2021-06-23T08:00:00",
        "finishDate": "2022-02-14T17:00:00",
        "summaryActualDuration": null,
        "summaryActualStartDate": null,
        "summaryActualFinishDate": null,
        "summaryPlannedValueByCost": null,
        "summaryPerformancePercentCompleteByCost": null
    },
    {
        "objectId": 27962,
        "code": "WBS.6.2",
        "name": "Procurement",
        "projectId": null,
        "projectObjectId": null,
        "parentObjectId": 27934,
        "projectType": "BASELINE_PROJECT",
        "startDate": "2021-07-02T08:00:00",
        "finishDate": "2022-02-03T17:00:00",
        "summaryActualDuration": null,
        "summaryActualStartDate": null,
        "summaryActualFinishDate": null,
        "summaryPlannedValueByCost": null,
        "summaryPerformancePercentCompleteByCost": null
    },
    {
        "objectId": 28023,
        "code": "WBS.6.2.1",
        "name": "Custody Metering House (3900-CMH-680)",
        "projectId": null,
        "projectObjectId": null,
        "parentObjectId": 27962,
        "projectType": "BASELINE_PROJECT",
        "startDate": "2021-07-07T08:00:00",
        "finishDate": "2022-02-03T17:00:00",
        "summaryActualDuration": null,
        "summaryActualStartDate": null,
        "summaryActualFinishDate": null,
        "summaryPlannedValueByCost": null,
        "summaryPerformancePercentCompleteByCost": null
    },
    {
        "objectId": 28026,
        "code": "WBS.6.2.2",
        "name": "Flow Computer Cabinet (2 Nos) & Mimic Diagram (2 Nos)",
        "projectId": null,
        "projectObjectId": null,
        "parentObjectId": 27962,
        "projectType": "BASELINE_PROJECT",
        "startDate": "2021-07-07T08:00:00",
        "finishDate": "2021-11-30T17:00:00",
        "summaryActualDuration": null,
        "summaryActualStartDate": null,
        "summaryActualFinishDate": null,
        "summaryPlannedValueByCost": null,
        "summaryPerformancePercentCompleteByCost": null
    },
    {
        "objectId": 28025,
        "code": "WBS.6.2.3",
        "name": "Flow Computer (10 Nos) & Supervisory System (2 Nos)",
        "projectId": null,
        "projectObjectId": null,
        "parentObjectId": 27962,
        "projectType": "BASELINE_PROJECT",
        "startDate": "2021-07-07T08:00:00",
        "finishDate": "2021-10-12T17:00:00",
        "summaryActualDuration": null,
        "summaryActualStartDate": null,
        "summaryActualFinishDate": null,
        "summaryPlannedValueByCost": null,
        "summaryPerformancePercentCompleteByCost": null
    },
    {
        "objectId": 28024,
        "code": "WBS.6.2.4",
        "name": "Instrumentation & Flow Meter (8 Tags)",
        "projectId": null,
        "projectObjectId": null,
        "parentObjectId": 27962,
        "projectType": "BASELINE_PROJECT",
        "startDate": "2021-07-02T08:00:00",
        "finishDate": "2022-01-03T17:00:00",
        "summaryActualDuration": null,
        "summaryActualStartDate": null,
        "summaryActualFinishDate": null,
        "summaryPlannedValueByCost": null,
        "summaryPerformancePercentCompleteByCost": null
    },
    {
        "objectId": 27966,
        "code": "WBS.6.3",
        "name": "Fabrication",
        "projectId": null,
        "projectObjectId": null,
        "parentObjectId": 27934,
        "projectType": "BASELINE_PROJECT",
        "startDate": "2021-07-27T08:00:00",
        "finishDate": "2022-01-20T17:00:00",
        "summaryActualDuration": null,
        "summaryActualStartDate": null,
        "summaryActualFinishDate": null,
        "summaryPlannedValueByCost": null,
        "summaryPerformancePercentCompleteByCost": null
    },
    {
        "objectId": 28033,
        "code": "WBS.6.3.1",
        "name": "Custody Metering House (3900-CMH-680)",
        "projectId": null,
        "projectObjectId": null,
        "parentObjectId": 27966,
        "projectType": "BASELINE_PROJECT",
        "startDate": "2021-10-18T08:00:00",
        "finishDate": "2022-01-17T17:00:00",
        "summaryActualDuration": null,
        "summaryActualStartDate": null,
        "summaryActualFinishDate": null,
        "summaryPlannedValueByCost": null,
        "summaryPerformancePercentCompleteByCost": null
    },
    {
        "objectId": 28044,
        "code": "WBS.6.3.1.1",
        "name": "Production (1 No)",
        "projectId": null,
        "projectObjectId": null,
        "parentObjectId": 28033,
        "projectType": "BASELINE_PROJECT",
        "startDate": "2021-10-18T08:00:00",
        "finishDate": "2022-01-17T17:00:00",
        "summaryActualDuration": null,
        "summaryActualStartDate": null,
        "summaryActualFinishDate": null,
        "summaryPlannedValueByCost": null,
        "summaryPerformancePercentCompleteByCost": null
    },
    {
        "objectId": 28034,
        "code": "WBS.6.3.2",
        "name": "Flow Computer Cabinet (2 Nos) & Mimic Diagram (2 Nos)",
        "projectId": null,
        "projectObjectId": null,
        "parentObjectId": 27966,
        "projectType": "BASELINE_PROJECT",
        "startDate": "2021-07-27T08:00:00",
        "finishDate": "2021-11-15T17:00:00",
        "summaryActualDuration": null,
        "summaryActualStartDate": null,
        "summaryActualFinishDate": null,
        "summaryPlannedValueByCost": null,
        "summaryPerformancePercentCompleteByCost": null
    },
    {
        "objectId": 28035,
        "code": "WBS.6.3.3",
        "name": "Flow Computer (10 Nos) & Supervisory System (2 Nos)",
        "projectId": null,
        "projectObjectId": null,
        "parentObjectId": 27966,
        "projectType": "BASELINE_PROJECT",
        "startDate": "2021-10-22T08:00:00",
        "finishDate": "2022-01-11T17:00:00",
        "summaryActualDuration": null,
        "summaryActualStartDate": null,
        "summaryActualFinishDate": null,
        "summaryPlannedValueByCost": null,
        "summaryPerformancePercentCompleteByCost": null
    },
    {
        "objectId": 28036,
        "code": "WBS.6.3.4",
        "name": "Instrumentation & Flow Meter (8 Tags)",
        "projectId": null,
        "projectObjectId": null,
        "parentObjectId": 27966,
        "projectType": "BASELINE_PROJECT",
        "startDate": "2022-01-12T08:00:00",
        "finishDate": "2022-01-20T17:00:00",
        "summaryActualDuration": null,
        "summaryActualStartDate": null,
        "summaryActualFinishDate": null,
        "summaryPlannedValueByCost": null,
        "summaryPerformancePercentCompleteByCost": null
    },
    {
        "objectId": 27965,
        "code": "WBS.6.4",
        "name": "Factory Acceptance Test (Client Witness)",
        "projectId": null,
        "projectObjectId": null,
        "parentObjectId": 27934,
        "projectType": "BASELINE_PROJECT",
        "startDate": "2021-12-28T08:00:00",
        "finishDate": "2022-04-12T17:00:00",
        "summaryActualDuration": null,
        "summaryActualStartDate": null,
        "summaryActualFinishDate": null,
        "summaryPlannedValueByCost": null,
        "summaryPerformancePercentCompleteByCost": null
    },
    {
        "objectId": 28032,
        "code": "WBS.6.4.2",
        "name": "FAT",
        "projectId": null,
        "projectObjectId": null,
        "parentObjectId": 27965,
        "projectType": "BASELINE_PROJECT",
        "startDate": "2021-12-28T08:00:00",
        "finishDate": "2022-03-03T17:00:00",
        "summaryActualDuration": null,
        "summaryActualStartDate": null,
        "summaryActualFinishDate": null,
        "summaryPlannedValueByCost": null,
        "summaryPerformancePercentCompleteByCost": null
    },
    {
        "objectId": 28031,
        "code": "WBS.6.4.1",
        "name": "Integration Test (IFAT)",
        "projectId": null,
        "projectObjectId": null,
        "parentObjectId": 27965,
        "projectType": "BASELINE_PROJECT",
        "startDate": "2022-03-04T08:00:00",
        "finishDate": "2022-04-12T17:00:00",
        "summaryActualDuration": null,
        "summaryActualStartDate": null,
        "summaryActualFinishDate": null,
        "summaryPlannedValueByCost": null,
        "summaryPerformancePercentCompleteByCost": null
    },
    {
        "objectId": 27964,
        "code": "WBS.6.5",
        "name": "Shipping & Final Doc",
        "projectId": null,
        "projectObjectId": null,
        "parentObjectId": 27934,
        "projectType": "BASELINE_PROJECT",
        "startDate": "2022-03-04T08:00:00",
        "finishDate": "2022-04-26T17:00:00",
        "summaryActualDuration": null,
        "summaryActualStartDate": null,
        "summaryActualFinishDate": null,
        "summaryPlannedValueByCost": null,
        "summaryPerformancePercentCompleteByCost": null
    },
    {
        "objectId": 27961,
        "code": "WBS.6.6",
        "name": "SAT (Actual Date Subject to Client Advise)",
        "projectId": null,
        "projectObjectId": null,
        "parentObjectId": 27934,
        "projectType": "BASELINE_PROJECT",
        "startDate": "2022-04-27T08:00:00",
        "finishDate": "2022-05-05T17:00:00",
        "summaryActualDuration": null,
        "summaryActualStartDate": null,
        "summaryActualFinishDate": null,
        "summaryPlannedValueByCost": null,
        "summaryPerformancePercentCompleteByCost": null
    },
    {
        "objectId": 27932,
        "code": "WBS.7",
        "name": "Project Completion",
        "projectId": null,
        "projectObjectId": null,
        "parentObjectId": null,
        "projectType": "BASELINE_PROJECT",
        "startDate": "2022-05-05T17:00:00",
        "finishDate": "2022-05-05T17:00:00",
        "summaryActualDuration": null,
        "summaryActualStartDate": null,
        "summaryActualFinishDate": null,
        "summaryPlannedValueByCost": null,
        "summaryPerformancePercentCompleteByCost": null
    }
]